year,country,countryn,iso,iso3n,cpds1,poco,eu,emu,gov_right1,gov_cent1,gov_left1,gov_party,gov_new,gov_gap,gov_chan,gov_right2,gov_cent2,gov_left2,gov_right3,gov_cent3,gov_left3,gov_sup,gov_type,year_01,country_01,elect,vturn,social1,social2,social3,social4,social5,social6,social7,social8,leftsoc1,leftsoc2,leftsoc3,leftsoc4,leftsoc5,comm1,comm2,comm3,comm4,postcom1,postcom2,agrarian1,agrarian2,agrarian3,conserv1,conserv2,conserv3,conserv4,conserv5,conserv6,conserv7,conserv8,relig1,relig2,relig3,relig4,relig5,relig6,relig7,liberal1,liberal2,liberal3,liberal4,liberal5,liberal6,liberal7,liberal8,liberal9,protest1,protest2,protest3,protest4,protest5,green1,green2,green3,ethnic1,ethnic2,ethnic3,ethnic4,right1,right2,right3,right4,right5,regio1,femin1,monarch1,person1,pension1,pension2,nonlbl1,nonlbl2,allia1,allia2,allia3,others,year_02,country_02,ssocial1,ssocial2,ssocial3,ssocial4,ssocial5,ssocial6,ssocial7,ssocial8,sleftsoc1,sleftsoc2,sleftsoc3,sleftsoc4,sleftsoc5,scomm1,scomm2,scomm3,scomm4,spostcom1,spostcom2,sagrarian1,sagrarian2,sagrarian3,sconserv1,sconserv2,sconserv3,sconserv4,sconserv5,sconserv6,sconserv7,sconserv8,srelig1,srelig2,srelig3,srelig4,srelig5,srelig6,srelig7,sliberal1,sliberal2,sliberal3,sliberal4,sliberal5,sliberal6,sliberal7,sliberal8,sliberal9,sprotest1,sprotest2,sprotest3,sprotest4,sprotest5,sgreen1,sgreen2,sgreen3,sethnic1,sethnic2,sethnic3,sethnic4,sright1,sright2,sright3,sright4,sright5,sregio1,sfemin1,smonarch1,sperson1,spension1,spension2,snonlbl1,snonlbl2,sallia1,sallia2,sallia3,sothers,year_03,country_03,womenpar,rae_ele,rae_leg,effpar_ele,effpar_leg,dis_abso,dis_rel,dis_gall,year_04,country_04,lfirst,lsec,leff,lmin,lexe,ldis,lint,lfed,lbic,lrid,ljud,lbank,lfirstp,lfirstpi,lfirstpb,year_05,country_05,instcons,structur,fed,pres,prop,bic,referen,judrev,year_06,country_06,kaopen,openc_NEW,outlays,receipts,realgdpgr,nomgdpgr,inflation,debt,debt_hist,deficit,pbal,capb,interest,curac,year_07,country_07,ttl_labf,civ_labf,emp_civ,labfopar,empratio,emp_ag,emp_ind,emp_serv,emp_un,unemp,year_08,country_08,nld,wi,wdlost,strike,grossu,netu,ud,adjcov,grossu_ipol,netu_ipol,ud_ipol,adjcov_ipol,year_09,country_09,sstran,socexp_t_pmp,socexp_c_pmp,socexp_k_pmp,oldage_pmp,survivor_pmp,incapben_pmp,health_pmp,family_pmp,almp_pmp,unemp_pmp,housing_pmp,othsocx_pmp,year_10,country_10,fallow_pmp,mpleave_pmp,othfam_c_pmp,childcare_pmp,homehelp_pmp,othfam_k_pmp,servadmi_pmp,training_pmp,jobrot_pmp,incent_pmp,disabled_pmp,disabled_pmp,jobcrea_pmp,startup_pmp,compen_pmp,earretir_pmp,year_11,country_11,emprot_reg,emprot_temp,prefisc_gini,pretran_gini,postfisc_gini,pop,pop15_64,pop65,elderly,year_12,country_12
1960,Sweden,33,SWE,752,1,0,0,0,0.00,0.00,93.21,5,0,0,1,0.00,0.00,100.00,0.00,0.00,48.35,48.35,4,1960,Sweden,18/09/1960,85.9,47.8,0.0,0.0,0.0,0.0,0.0,0.0,0.0,0.0,0.0,0.0,0.0,0.0,4.5,0.0,0.0,0.0,0.0,0.0,13.6,0.0,0.0,16.6,0.0,0.0,0.0,0.0,0.0,0.0,0.0,0.0,0.0,0.0,0.0,0.0,0.0,0.0,17.5,0.0,0.0,0.0,0.0,0.0,0.0,0.0,0.0,0.0,0.0,0.0,0.0,0.0,0.0,0.0,0.0,0.0,0.0,0.0,0.0,0.0,0.0,0.0,0.0,0.0,0.0,0.0,0.0,0.0,0.0,0.0,0.0,0.0,0.0,0.0,0.0,0.0,1960,Sweden,49.1,0.0,0.0,0.0,0.0,0.0,0.0,0.0,0.0,0.0,0.0,0.0,0.0,2.2,0.0,0.0,0.0,0.0,0.0,14.7,0.0,0.0,16.8,0.0,0.0,0.0,0.0,0.0,0.0,0.0,0.0,0.0,0.0,0.0,0.0,0.0,0.0,17.2,0.0,0.0,0.0,0.0,0.0,0.0,0.0,0.0,0.0,0.0,0.0,0.0,0.0,0.0,0.0,0.0,0.0,0.0,0.0,0.0,0.0,0.0,0.0,0.0,0.0,0.0,0.0,0.0,0.0,0.0,0.0,0.0,0.0,0.0,0.0,0.0,0.0,1960,Sweden,13.8,0.69,0.68,3.26,3.12,0.14,0.04,2.04,1960,Sweden,0.79,-1.03,3.47,48.1,5.61,2.04,0.35,2.0,1.7,1.5,1.0,0.29,,,,1960,Sweden,0,1,0,0,2,3,0,1,1960,Sweden,,42.98,32.95,35.02,,,4.14,,23.69,2.07,2.22,,5.31,,1960,Sweden,3662.00,3662.00,3599.00,,,564.00,1452.00,1583.00,69.30,1.90,1960,Sweden,31.00,1.50,18.50,5.05,1991.60,1909.14,72.08,75.00,1991.60,1909.14,72.08,75.00,1960,Sweden,8.00,,,,,,,,,,,,,1960,Sweden,,,,,,,,,,,,,,,,,1960,Sweden,,,,,,7484.66,4926.45,879.47,11.75,1960,Sweden
1961,Sweden,33,SWE,752,1,0,0,0,0.00,0.00,92.86,5,0,0,0,0.00,0.00,100.00,0.00,0.00,49.10,49.10,4,1961,Sweden,,85.9,47.8,0.0,0.0,0.0,0.0,0.0,0.0,0.0,0.0,0.0,0.0,0.0,0.0,4.5,0.0,0.0,0.0,0.0,0.0,13.6,0.0,0.0,16.6,0.0,0.0,0.0,0.0,0.0,0.0,0.0,0.0,0.0,0.0,0.0,0.0,0.0,0.0,17.5,0.0,0.0,0.0,0.0,0.0,0.0,0.0,0.0,0.0,0.0,0.0,0.0,0.0,0.0,0.0,0.0,0.0,0.0,0.0,0.0,0.0,0.0,0.0,0.0,0.0,0.0,0.0,0.0,0.0,0.0,0.0,0.0,0.0,0.0,0.0,0.0,0.0,1961,Sweden,49.1,0.0,0.0,0.0,0.0,0.0,0.0,0.0,0.0,0.0,0.0,0.0,0.0,2.2,0.0,0.0,0.0,0.0,0.0,14.7,0.0,0.0,16.8,0.0,0.0,0.0,0.0,0.0,0.0,0.0,0.0,0.0,0.0,0.0,0.0,0.0,0.0,17.2,0.0,0.0,0.0,0.0,0.0,0.0,0.0,0.0,0.0,0.0,0.0,0.0,0.0,0.0,0.0,0.0,0.0,0.0,0.0,0.0,0.0,0.0,0.0,0.0,0.0,0.0,0.0,0.0,0.0,0.0,0.0,0.0,0.0,0.0,0.0,0.0,0.0,1961,Sweden,13.8,0.69,0.68,3.26,3.12,0.14,0.04,2.04,1961,Sweden,,,,,,,,,,,,,,,,1961,Sweden,0,1,0,0,2,3,0,1,1961,Sweden,,40.76,32.82,36.39,5.68,8.79,2.16,,24.25,3.56,3.58,,5.46,,1961,Sweden,3688.00,3688.00,3633.00,,,535.00,1479.00,1619.00,58.70,1.60,1961,Sweden,12.00,0.10,2.10,0.57,2038.60,1950.14,72.40,,2038.60,1950.14,72.40,75.00,1961,Sweden,8.00,,,,,,,,,,,,,1961,Sweden,,,,,,,,,,,,,,,,,1961,Sweden,,,,,,7520.00,4970.77,898.12,11.94,1961,Sweden
1962,Sweden,33,SWE,752,1,0,0,0,0.00,0.00,92.86,5,0,0,0,0.00,0.00,100.00,0.00,0.00,49.10,49.10,4,1962,Sweden,,85.9,47.8,0.0,0.0,0.0,0.0,0.0,0.0,0.0,0.0,0.0,0.0,0.0,0.0,4.5,0.0,0.0,0.0,0.0,0.0,13.6,0.0,0.0,16.6,0.0,0.0,0.0,0.0,0.0,0.0,0.0,0.0,0.0,0.0,0.0,0.0,0.0,0.0,17.5,0.0,0.0,0.0,0.0,0.0,0.0,0.0,0.0,0.0,0.0,0.0,0.0,0.0,0.0,0.0,0.0,0.0,0.0,0.0,0.0,0.0,0.0,0.0,0.0,0.0,0.0,0.0,0.0,0.0,0.0,0.0,0.0,0.0,0.0,0.0,0.0,0.0,1962,Sweden,49.1,0.0,0.0,0.0,0.0,0.0,0.0,0.0,0.0,0.0,0.0,0.0,0.0,2.2,0.0,0.0,0.0,0.0,0.0,14.7,0.0,0.0,16.8,0.0,0.0,0.0,0.0,0.0,0.0,0.0,0.0,0.0,0.0,0.0,0.0,0.0,0.0,17.2,0.0,0.0,0.0,0.0,0.0,0.0,0.0,0.0,0.0,0.0,0.0,0.0,0.0,0.0,0.0,0.0,0.0,0.0,0.0,0.0,0.0,0.0,0.0,0.0,0.0,0.0,0.0,0.0,0.0,0.0,0.0,0.0,0.0,0.0,0.0,0.0,0.0,1962,Sweden,13.8,0.69,0.68,3.26,3.12,0.14,0.04,2.04,1962,Sweden,,,,,,,,,,,,,,,,1962,Sweden,0,1,0,0,2,3,0,1,1962,Sweden,,40.06,33.84,37.99,4.26,8.45,4.77,,21.45,4.15,4.06,,5.11,,1962,Sweden,3712.00,3712.00,3657.00,,,520.00,1493.00,1644.00,59.10,1.60,1962,Sweden,10.00,3.50,5.00,1.35,2092.99,1998.19,72.93,,2092.99,1998.19,72.93,75.00,1962,Sweden,8.20,,,,,,,,,,,,,1962,Sweden,,,,,,,,,,,,,,,,,1962,Sweden,,,,,,7561.59,5015.32,917.45,12.13,1962,Sweden
1963,Sweden,33,SWE,752,1,0,0,0,0.00,0.00,92.86,5,0,0,0,0.00,0.00,100.00,0.00,0.00,49.10,49.10,4,1963,Sweden,,85.9,47.8,0.0,0.0,0.0,0.0,0.0,0.0,0.0,0.0,0.0,0.0,0.0,0.0,4.5,0.0,0.0,0.0,0.0,0.0,13.6,0.0,0.0,16.6,0.0,0.0,0.0,0.0,0.0,0.0,0.0,0.0,0.0,0.0,0.0,0.0,0.0,0.0,17.5,0.0,0.0,0.0,0.0,0.0,0.0,0.0,0.0,0.0,0.0,0.0,0.0,0.0,0.0,0.0,0.0,0.0,0.0,0.0,0.0,0.0,0.0,0.0,0.0,0.0,0.0,0.0,0.0,0.0,0.0,0.0,0.0,0.0,0.0,0.0,0.0,0.0,1963,Sweden,49.1,0.0,0.0,0.0,0.0,0.0,0.0,0.0,0.0,0.0,0.0,0.0,0.0,2.2,0.0,0.0,0.0,0.0,0.0,14.7,0.0,0.0,16.8,0.0,0.0,0.0,0.0,0.0,0.0,0.0,0.0,0.0,0.0,0.0,0.0,0.0,0.0,17.2,0.0,0.0,0.0,0.0,0.0,0.0,0.0,0.0,0.0,0.0,0.0,0.0,0.0,0.0,0.0,0.0,0.0,0.0,0.0,0.0,0.0,0.0,0.0,0.0,0.0,0.0,0.0,0.0,0.0,0.0,0.0,0.0,0.0,0.0,0.0,0.0,0.0,1963,Sweden,13.8,0.69,0.68,3.26,3.12,0.14,0.04,2.04,1963,Sweden,,,,,,,,,,,,,,,,1963,Sweden,0,1,0,0,2,3,0,1,1963,Sweden,,40.22,35.67,38.36,5.33,8.24,2.87,,19.30,2.69,2.48,,5.04,,1963,Sweden,3720.00,3720.00,3658.00,73.61,72.38,473.00,1501.00,1684.00,70.40,1.90,1963,Sweden,24.00,2.80,25.00,6.72,2139.79,2031.55,66.07,,2139.79,2031.55,66.07,75.00,1963,Sweden,8.80,,,,,,,,,,,,,1963,Sweden,,,,,,,,,,,,,,,,,1963,Sweden,,,,,,7604.33,5054.15,937.09,12.32,1963,Sweden
1964,Sweden,33,SWE,752,1,0,0,0,0.00,0.00,94.59,5,0,0,1,0.00,0.00,100.00,0.00,0.00,48.95,48.95,4,1964,Sweden,20/09/1964,83.9,47.3,0.0,0.0,0.0,0.0,0.0,0.0,0.0,0.0,0.0,0.0,0.0,0.0,5.2,0.0,0.0,0.0,0.0,0.0,13.2,0.0,0.0,13.7,0.0,0.0,0.0,0.0,0.0,0.0,0.0,0.0,0.0,0.0,0.0,0.0,0.0,0.0,17.0,0.0,0.0,0.0,0.0,0.0,0.0,0.0,0.0,0.0,0.0,0.0,0.0,0.0,0.0,0.0,0.0,0.0,0.0,0.0,0.0,0.0,0.0,0.0,0.0,0.0,0.0,0.0,0.0,0.0,0.0,0.0,0.0,0.0,0.0,0.0,0.0,3.6,1964,Sweden,48.5,0.0,0.0,0.0,0.0,0.0,0.0,0.0,0.0,0.0,0.0,0.0,0.0,3.4,0.0,0.0,0.0,0.0,0.0,14.2,0.0,0.0,13.7,0.0,0.0,0.0,0.0,0.0,0.0,0.0,0.0,0.0,0.0,0.0,0.0,0.0,0.0,18.0,0.0,0.0,0.0,0.0,0.0,0.0,0.0,0.0,0.0,0.0,0.0,0.0,0.0,0.0,0.0,0.0,0.0,0.0,0.0,0.0,0.0,0.0,0.0,0.0,0.0,0.0,0.0,0.0,0.0,0.0,0.0,0.0,0.0,0.0,0.0,0.0,2.2,1964,Sweden,13.3,0.71,0.69,3.43,3.25,0.18,0.05,1.83,1964,Sweden,,,,,,,,,,,,,,,,1964,Sweden,0,1,0,0,2,3,0,1,1964,Sweden,,40.92,35.73,38.45,6.82,11.52,3.39,,17.44,2.73,2.51,,5.77,,1964,Sweden,3718.00,3718.00,3660.00,73.00,71.86,454.00,1526.00,1680.00,66.70,1.80,1964,Sweden,14.00,1.90,34.00,9.14,2182.31,2075.82,66.73,,2182.31,2075.82,66.73,75.00,1964,Sweden,8.70,,,,,,,,,,,,,1964,Sweden,,,,,,,,,,,,,,,,,1964,Sweden,,,,,,7661.35,5093.28,957.95,12.50,1964,Sweden
1965,Sweden,33,SWE,752,1,0,0,0,0.00,0.00,100.00,5,0,0,0,0.00,0.00,100.00,0.00,0.00,48.50,48.50,4,1965,Sweden,,83.9,47.3,0.0,0.0,0.0,0.0,0.0,0.0,0.0,0.0,0.0,0.0,0.0,0.0,5.2,0.0,0.0,0.0,0.0,0.0,13.2,0.0,0.0,13.7,0.0,0.0,0.0,0.0,0.0,0.0,0.0,0.0,0.0,0.0,0.0,0.0,0.0,0.0,17.0,0.0,0.0,0.0,0.0,0.0,0.0,0.0,0.0,0.0,0.0,0.0,0.0,0.0,0.0,0.0,0.0,0.0,0.0,0.0,0.0,0.0,0.0,0.0,0.0,0.0,0.0,0.0,0.0,0.0,0.0,0.0,0.0,0.0,0.0,0.0,0.0,3.6,1965,Sweden,48.5,0.0,0.0,0.0,0.0,0.0,0.0,0.0,0.0,0.0,0.0,0.0,0.0,3.4,0.0,0.0,0.0,0.0,0.0,14.2,0.0,0.0,13.7,0.0,0.0,0.0,0.0,0.0,0.0,0.0,0.0,0.0,0.0,0.0,0.0,0.0,0.0,18.0,0.0,0.0,0.0,0.0,0.0,0.0,0.0,0.0,0.0,0.0,0.0,0.0,0.0,0.0,0.0,0.0,0.0,0.0,0.0,0.0,0.0,0.0,0.0,0.0,0.0,0.0,0.0,0.0,0.0,0.0,0.0,0.0,0.0,0.0,0.0,0.0,2.2,1965,Sweden,13.3,0.71,0.69,3.43,3.25,0.18,0.05,1.83,1965,Sweden,,,,,,,,,,,,,,,,1965,Sweden,0,1,0,0,2,3,0,1,1965,Sweden,,41.09,36.56,40.99,3.82,10.04,5.01,,15.89,4.43,4.14,,6.33,,1965,Sweden,3742.00,3742.00,3698.00,72.90,72.03,418.00,1584.00,1696.00,48.40,1.30,1965,Sweden,8.00,0.30,4.10,1.10,2212.12,2103.26,66.29,75.00,2212.12,2103.26,66.29,75.00,1965,Sweden,9.20,,,,,,,,,,,,,1965,Sweden,,,,,,,,,,,,,,,,,1965,Sweden,,,,,,7733.85,5133.81,980.41,12.68,1965,Sweden
1966,Sweden,33,SWE,752,1,0,0,0,0.00,0.00,100.00,5,0,0,0,0.00,0.00,100.00,0.00,0.00,48.50,48.50,4,1966,Sweden,,83.9,47.3,0.0,0.0,0.0,0.0,0.0,0.0,0.0,0.0,0.0,0.0,0.0,0.0,5.2,0.0,0.0,0.0,0.0,0.0,13.2,0.0,0.0,13.7,0.0,0.0,0.0,0.0,0.0,0.0,0.0,0.0,0.0,0.0,0.0,0.0,0.0,0.0,17.0,0.0,0.0,0.0,0.0,0.0,0.0,0.0,0.0,0.0,0.0,0.0,0.0,0.0,0.0,0.0,0.0,0.0,0.0,0.0,0.0,0.0,0.0,0.0,0.0,0.0,0.0,0.0,0.0,0.0,0.0,0.0,0.0,0.0,0.0,0.0,0.0,3.6,1966,Sweden,48.5,0.0,0.0,0.0,0.0,0.0,0.0,0.0,0.0,0.0,0.0,0.0,0.0,3.4,0.0,0.0,0.0,0.0,0.0,14.2,0.0,0.0,13.7,0.0,0.0,0.0,0.0,0.0,0.0,0.0,0.0,0.0,0.0,0.0,0.0,0.0,0.0,18.0,0.0,0.0,0.0,0.0,0.0,0.0,0.0,0.0,0.0,0.0,0.0,0.0,0.0,0.0,0.0,0.0,0.0,0.0,0.0,0.0,0.0,0.0,0.0,0.0,0.0,0.0,0.0,0.0,0.0,0.0,0.0,0.0,0.0,0.0,0.0,0.0,2.2,1966,Sweden,13.3,0.71,0.69,3.43,3.25,0.18,0.05,1.83,1966,Sweden,,,,,,,,,,,,,,,,1966,Sweden,0,1,0,0,2,3,0,1,1966,Sweden,,40.13,38.51,42.46,2.09,8.78,6.40,,14.92,3.95,3.67,,6.73,,1966,Sweden,3792.00,3793.00,3733.00,73.37,72.23,373.00,1556.00,1804.00,64.20,1.70,1966,Sweden,26.00,29.40,351.60,92.72,2275.80,2136.07,65.95,,2275.80,2136.07,65.95,75.60,1966,Sweden,9.50,,,,,,,,,,,,,1966,Sweden,,,,,,,,,,,,,,,,,1966,Sweden,,,,,,7807.80,5167.95,1005.17,12.87,1966,Sweden
1967,Sweden,33,SWE,752,1,0,0,0,0.00,0.00,100.00,5,0,0,0,0.00,0.00,100.00,0.00,0.00,48.50,48.50,4,1967,Sweden,,83.9,47.3,0.0,0.0,0.0,0.0,0.0,0.0,0.0,0.0,0.0,0.0,0.0,0.0,5.2,0.0,0.0,0.0,0.0,0.0,13.2,0.0,0.0,13.7,0.0,0.0,0.0,0.0,0.0,0.0,0.0,0.0,0.0,0.0,0.0,0.0,0.0,0.0,17.0,0.0,0.0,0.0,0.0,0.0,0.0,0.0,0.0,0.0,0.0,0.0,0.0,0.0,0.0,0.0,0.0,0.0,0.0,0.0,0.0,0.0,0.0,0.0,0.0,0.0,0.0,0.0,0.0,0.0,0.0,0.0,0.0,0.0,0.0,0.0,0.0,3.6,1967,Sweden,48.5,0.0,0.0,0.0,0.0,0.0,0.0,0.0,0.0,0.0,0.0,0.0,0.0,3.4,0.0,0.0,0.0,0.0,0.0,14.2,0.0,0.0,13.7,0.0,0.0,0.0,0.0,0.0,0.0,0.0,0.0,0.0,0.0,0.0,0.0,0.0,0.0,18.0,0.0,0.0,0.0,0.0,0.0,0.0,0.0,0.0,0.0,0.0,0.0,0.0,0.0,0.0,0.0,0.0,0.0,0.0,0.0,0.0,0.0,0.0,0.0,0.0,0.0,0.0,0.0,0.0,0.0,0.0,0.0,0.0,0.0,0.0,0.0,0.0,2.2,1967,Sweden,13.3,0.71,0.69,3.43,3.25,0.18,0.05,1.83,1967,Sweden,,,,,,,,,,,,,,,,1967,Sweden,0,1,0,0,2,3,0,1,1967,Sweden,,38.96,39.75,43.21,3.37,8.54,4.29,,15.01,3.46,3.13,,6.21,,1967,Sweden,3775.00,3775.00,3695.00,72.75,71.20,366.00,1526.00,1803.00,90.30,2.40,1967,Sweden,7.00,0.10,0.40,0.11,2325.86,2166.97,67.49,,2325.86,2166.97,67.49,76.20,1967,Sweden,10.20,,,,,,,,,,,,,1967,Sweden,,,,,,,,,,,,,,,,,1967,Sweden,,,36.10,32.30,26.30,7867.93,5189.26,1029.63,13.09,1967,Sweden
1968,Sweden,33,SWE,752,1,0,0,0,0.00,0.00,100.00,5,0,0,1,0.00,0.00,100.00,0.00,0.00,49.81,49.81,4,1968,Sweden,15/09/1968,89.3,50.1,0.0,0.0,0.0,0.0,0.0,0.0,0.0,0.0,0.0,0.0,0.0,0.0,3.0,0.0,0.0,0.0,0.0,0.0,15.7,0.0,0.0,12.9,0.0,0.0,0.0,0.0,0.0,0.0,0.0,0.0,0.0,0.0,0.0,0.0,0.0,0.0,14.3,0.0,0.0,0.0,0.0,0.0,0.0,0.0,0.0,0.0,0.0,0.0,0.0,0.0,0.0,0.0,0.0,0.0,0.0,0.0,0.0,0.0,0.0,0.0,0.0,0.0,0.0,0.0,0.0,0.0,0.0,0.0,0.0,0.0,0.0,0.0,0.0,4.0,1968,Sweden,53.6,0.0,0.0,0.0,0.0,0.0,0.0,0.0,0.0,0.0,0.0,0.0,0.0,1.3,0.0,0.0,0.0,0.0,0.0,15.9,0.0,0.0,12.4,0.0,0.0,0.0,0.0,0.0,0.0,0.0,0.0,0.0,0.0,0.0,0.0,0.0,0.0,13.7,0.0,0.0,0.0,0.0,0.0,0.0,0.0,0.0,0.0,0.0,0.0,0.0,0.0,0.0,0.0,0.0,0.0,0.0,0.0,0.0,0.0,0.0,0.0,0.0,0.0,0.0,0.0,0.0,0.0,0.0,0.0,0.0,0.0,0.0,0.0,0.0,3.1,1968,Sweden,15.5,0.69,0.65,3.19,2.88,0.31,0.10,2.81,1968,Sweden,,,,,,,,,,,,,,,,1968,Sweden,0,1,0,0,2,3,0,1,1968,Sweden,,39.94,41.81,45.59,3.64,6.12,1.94,,16.41,3.77,3.33,,6.45,,1968,Sweden,3822.00,3822.00,3737.00,73.46,71.81,340.00,1537.00,1860.00,95.20,2.50,1968,Sweden,7.00,0.40,1.20,0.31,2403.80,2204.73,67.92,,2403.80,2204.73,67.92,76.80,1968,Sweden,10.60,,,,,,,,,,,,,1968,Sweden,,,,,,,,,,,,,,,,,1968,Sweden,,,,,,7912.27,5204.02,1051.61,13.29,1968,Sweden
1969,Sweden,33,SWE,752,1,0,0,0,0.00,0.00,100.00,5,0,0,1,0.00,0.00,100.00,0.00,0.00,53.60,53.60,1,1969,Sweden,,89.3,50.1,0.0,0.0,0.0,0.0,0.0,0.0,0.0,0.0,0.0,0.0,0.0,0.0,3.0,0.0,0.0,0.0,0.0,0.0,15.7,0.0,0.0,12.9,0.0,0.0,0.0,0.0,0.0,0.0,0.0,0.0,0.0,0.0,0.0,0.0,0.0,0.0,14.3,0.0,0.0,0.0,0.0,0.0,0.0,0.0,0.0,0.0,0.0,0.0,0.0,0.0,0.0,0.0,0.0,0.0,0.0,0.0,0.0,0.0,0.0,0.0,0.0,0.0,0.0,0.0,0.0,0.0,0.0,0.0,0.0,0.0,0.0,0.0,0.0,4.0,1969,Sweden,53.6,0.0,0.0,0.0,0.0,0.0,0.0,0.0,0.0,0.0,0.0,0.0,0.0,1.3,0.0,0.0,0.0,0.0,0.0,15.9,0.0,0.0,12.4,0.0,0.0,0.0,0.0,0.0,0.0,0.0,0.0,0.0,0.0,0.0,0.0,0.0,0.0,13.7,0.0,0.0,0.0,0.0,0.0,0.0,0.0,0.0,0.0,0.0,0.0,0.0,0.0,0.0,0.0,0.0,0.0,0.0,0.0,0.0,0.0,0.0,0.0,0.0,0.0,0.0,0.0,0.0,0.0,0.0,0.0,0.0,0.0,0.0,0.0,0.0,3.1,1969,Sweden,15.5,0.69,0.65,3.19,2.88,0.31,0.10,2.81,1969,Sweden,,,,,,,,,,,,,0.59,0.45,0.54,1969,Sweden,0,1,0,0,2,3,0,1,1969,Sweden,,42.48,41.74,46.23,5.01,8.60,2.69,,16.41,4.49,3.93,,7.14,,1969,Sweden,3855.00,3855.00,3782.00,73.71,72.32,322.00,1533.00,1927.00,80.60,2.10,1969,Sweden,41.00,9.00,112.40,29.16,2489.70,2268.08,68.52,,2489.70,2268.08,68.52,77.40,1969,Sweden,11.00,,,,,,,,,,,,,1969,Sweden,,,,,,,,,,,,,,,,,1969,Sweden,,,,,,7968.07,5229.77,1073.70,13.48,1969,Sweden
1970,Sweden,33,SWE,752,1,0,0,0,0.00,0.00,100.00,5,0,0,1,0.00,0.00,100.00,0.00,0.00,51.80,51.80,1,1970,Sweden,20/09/1970,88.3,45.3,0.0,0.0,0.0,0.0,0.0,0.0,0.0,0.0,0.0,0.0,0.0,0.0,4.8,0.0,0.0,0.0,0.0,0.0,19.9,0.0,0.0,11.5,0.0,0.0,0.0,0.0,0.0,0.0,0.0,0.0,0.0,0.0,0.0,0.0,0.0,0.0,16.2,0.0,0.0,0.0,0.0,0.0,0.0,0.0,0.0,0.0,0.0,0.0,0.0,0.0,0.0,0.0,0.0,0.0,0.0,0.0,0.0,0.0,0.0,0.0,0.0,0.0,0.0,0.0,0.0,0.0,0.0,0.0,0.0,0.0,0.0,0.0,0.0,2.3,1970,Sweden,46.6,0.0,0.0,0.0,0.0,0.0,0.0,0.0,0.0,0.0,0.0,0.0,0.0,4.9,0.0,0.0,0.0,0.0,0.0,20.3,0.0,0.0,11.7,0.0,0.0,0.0,0.0,0.0,0.0,0.0,0.0,0.0,0.0,0.0,0.0,0.0,0.0,16.6,0.0,0.0,0.0,0.0,0.0,0.0,0.0,0.0,0.0,0.0,0.0,0.0,0.0,0.0,0.0,0.0,0.0,0.0,0.0,0.0,0.0,0.0,0.0,0.0,0.0,0.0,0.0,0.0,0.0,0.0,0.0,0.0,0.0,0.0,0.0,0.0,0.0,1970,Sweden,14.0,0.71,0.70,3.49,3.31,0.18,0.05,1.01,1970,Sweden,,,,,,,,,,,,,0.52,0.46,0.42,1970,Sweden,0,0,0,0,2,1,0,1,1970,Sweden,0.70,45.11,41.80,46.31,6.47,11.98,7.02,26.81,26.58,4.52,4.03,,7.57,,1970,Sweden,3913.00,3913.00,3854.00,74.29,73.17,314.00,1480.00,2060.00,66.20,1.70,1970,Sweden,134.00,26.70,155.70,39.79,2571.10,2325.23,67.75,78.00,2571.10,2325.23,67.75,78.00,1970,Sweden,11.04,,,,,,,,,,,,,1970,Sweden,,,,,,,,,,,,,,,,,1970,Sweden,,,,,,8042.80,5266.95,1099.41,13.67,1970,Sweden
1971,Sweden,33,SWE,752,1,0,0,0,0.00,0.00,100.00,5,0,0,0,0.00,0.00,100.00,0.00,0.00,46.60,46.60,4,1971,Sweden,,88.3,45.3,0.0,0.0,0.0,0.0,0.0,0.0,0.0,0.0,0.0,0.0,0.0,0.0,4.8,0.0,0.0,0.0,0.0,0.0,19.9,0.0,0.0,11.5,0.0,0.0,0.0,0.0,0.0,0.0,0.0,0.0,0.0,0.0,0.0,0.0,0.0,0.0,16.2,0.0,0.0,0.0,0.0,0.0,0.0,0.0,0.0,0.0,0.0,0.0,0.0,0.0,0.0,0.0,0.0,0.0,0.0,0.0,0.0,0.0,0.0,0.0,0.0,0.0,0.0,0.0,0.0,0.0,0.0,0.0,0.0,0.0,0.0,0.0,0.0,2.3,1971,Sweden,46.6,0.0,0.0,0.0,0.0,0.0,0.0,0.0,0.0,0.0,0.0,0.0,0.0,4.9,0.0,0.0,0.0,0.0,0.0,20.3,0.0,0.0,11.7,0.0,0.0,0.0,0.0,0.0,0.0,0.0,0.0,0.0,0.0,0.0,0.0,0.0,0.0,16.6,0.0,0.0,0.0,0.0,0.0,0.0,0.0,0.0,0.0,0.0,0.0,0.0,0.0,0.0,0.0,0.0,0.0,0.0,0.0,0.0,0.0,0.0,0.0,0.0,0.0,0.0,0.0,0.0,0.0,0.0,0.0,0.0,0.0,0.0,0.0,0.0,0.0,1971,Sweden,14.0,0.71,0.70,3.49,3.31,0.18,0.05,1.01,1971,Sweden,,,,,,,,,,,,,0.53,0.46,0.44,1971,Sweden,0,0,0,0,2,1,0,1,1971,Sweden,0.70,43.98,44.94,49.30,0.94,8.12,7.40,27.16,26.93,4.36,3.81,,7.41,,1971,Sweden,3961.00,3961.00,3860.00,74.92,73.01,300.00,1451.00,2109.00,114.60,2.90,1971,Sweden,60.00,63.00,839.00,211.82,2679.60,2428.50,70.06,,2679.60,2428.50,70.06,79.40,1971,Sweden,12.07,,,,,,,,,,,,,1971,Sweden,,,,,,,,,,,,,,,,,1971,Sweden,,,,,,8098.33,5286.71,1127.26,13.92,1971,Sweden
1972,Sweden,33,SWE,752,1,0,0,0,0.00,0.00,100.00,5,0,0,0,0.00,0.00,100.00,0.00,0.00,46.60,46.60,4,1972,Sweden,,88.3,45.3,0.0,0.0,0.0,0.0,0.0,0.0,0.0,0.0,0.0,0.0,0.0,0.0,4.8,0.0,0.0,0.0,0.0,0.0,19.9,0.0,0.0,11.5,0.0,0.0,0.0,0.0,0.0,0.0,0.0,0.0,0.0,0.0,0.0,0.0,0.0,0.0,16.2,0.0,0.0,0.0,0.0,0.0,0.0,0.0,0.0,0.0,0.0,0.0,0.0,0.0,0.0,0.0,0.0,0.0,0.0,0.0,0.0,0.0,0.0,0.0,0.0,0.0,0.0,0.0,0.0,0.0,0.0,0.0,0.0,0.0,0.0,0.0,0.0,2.3,1972,Sweden,46.6,0.0,0.0,0.0,0.0,0.0,0.0,0.0,0.0,0.0,0.0,0.0,0.0,4.9,0.0,0.0,0.0,0.0,0.0,20.3,0.0,0.0,11.7,0.0,0.0,0.0,0.0,0.0,0.0,0.0,0.0,0.0,0.0,0.0,0.0,0.0,0.0,16.6,0.0,0.0,0.0,0.0,0.0,0.0,0.0,0.0,0.0,0.0,0.0,0.0,0.0,0.0,0.0,0.0,0.0,0.0,0.0,0.0,0.0,0.0,0.0,0.0,0.0,0.0,0.0,0.0,0.0,0.0,0.0,0.0,0.0,0.0,0.0,0.0,0.0,1972,Sweden,14.0,0.71,0.70,3.49,3.31,0.18,0.05,1.01,1972,Sweden,,,,,,,,,,,,,0.49,0.46,0.37,1972,Sweden,0,0,0,0,2,1,0,1,1972,Sweden,0.70,43.39,44.90,48.83,2.29,9.42,6.01,27.02,26.79,3.93,3.17,,7.47,,1972,Sweden,3970.00,3970.00,3863.00,75.19,73.16,287.00,1422.00,2154.00,118.70,3.00,1972,Sweden,44.00,7.00,10.51,2.65,2755.10,2492.44,71.42,,2755.10,2492.44,71.42,80.80,1972,Sweden,12.59,,,,,,,,,,,,,1972,Sweden,,,,,,,,,,,,,,,,,1972,Sweden,,,,,,8122.30,5280.54,1154.13,14.21,1972,Sweden
1973,Sweden,33,SWE,752,1,0,0,0,0.00,0.00,100.00,5,0,0,1,0.00,0.00,100.00,0.00,0.00,46.26,46.26,4,1973,Sweden,16/09/1973,90.8,43.6,0.0,0.0,0.0,0.0,0.0,0.0,0.0,0.0,0.0,0.0,0.0,0.0,5.3,0.0,0.0,0.0,0.0,0.0,25.1,0.0,0.0,14.3,0.0,0.0,0.0,0.0,0.0,0.0,0.0,0.0,0.0,0.0,0.0,0.0,0.0,0.0,9.4,0.0,0.0,0.0,0.0,0.0,0.0,0.0,0.0,0.0,0.0,0.0,0.0,0.0,0.0,0.0,0.0,0.0,0.0,0.0,0.0,0.0,0.0,0.0,0.0,0.0,0.0,0.0,0.0,0.0,0.0,0.0,0.0,0.0,0.0,0.0,0.0,2.3,1973,Sweden,44.6,0.0,0.0,0.0,0.0,0.0,0.0,0.0,0.0,0.0,0.0,0.0,0.0,5.4,0.0,0.0,0.0,0.0,0.0,25.7,0.0,0.0,14.6,0.0,0.0,0.0,0.0,0.0,0.0,0.0,0.0,0.0,0.0,0.0,0.0,0.0,0.0,9.7,0.0,0.0,0.0,0.0,0.0,0.0,0.0,0.0,0.0,0.0,0.0,0.0,0.0,0.0,0.0,0.0,0.0,0.0,0.0,0.0,0.0,0.0,0.0,0.0,0.0,0.0,0.0,0.0,0.0,0.0,0.0,0.0,0.0,0.0,0.0,0.0,0.0,1973,Sweden,21.4,0.71,0.70,3.51,3.35,0.16,0.04,0.88,1973,Sweden,,,,,,,,,,,,,0.65,0.45,0.65,1973,Sweden,0,0,0,0,2,1,0,1,1973,Sweden,0.70,48.20,42.76,47.60,3.97,11.28,6.72,26.38,26.15,4.84,3.95,3.84,7.56,,1973,Sweden,3977.00,3977.00,3879.00,75.51,73.65,276.00,1427.00,2176.00,111.10,2.80,1973,Sweden,48.00,4.00,11.80,2.97,2832.50,2551.12,72.51,,2832.50,2551.12,72.51,82.20,1973,Sweden,12.21,,,,,,,,,,,,,1973,Sweden,,,,,,,,,,,,,,,,,1973,Sweden,,,,,,8136.31,5266.86,1180.99,14.52,1973,Sweden
1974,Sweden,33,SWE,752,1,0,0,0,0.00,0.00,100.00,5,0,0,0,0.00,0.00,100.00,0.00,0.00,44.60,44.60,4,1974,Sweden,,90.8,43.6,0.0,0.0,0.0,0.0,0.0,0.0,0.0,0.0,0.0,0.0,0.0,0.0,5.3,0.0,0.0,0.0,0.0,0.0,25.1,0.0,0.0,14.3,0.0,0.0,0.0,0.0,0.0,0.0,0.0,0.0,0.0,0.0,0.0,0.0,0.0,0.0,9.4,0.0,0.0,0.0,0.0,0.0,0.0,0.0,0.0,0.0,0.0,0.0,0.0,0.0,0.0,0.0,0.0,0.0,0.0,0.0,0.0,0.0,0.0,0.0,0.0,0.0,0.0,0.0,0.0,0.0,0.0,0.0,0.0,0.0,0.0,0.0,0.0,2.3,1974,Sweden,44.6,0.0,0.0,0.0,0.0,0.0,0.0,0.0,0.0,0.0,0.0,0.0,0.0,5.4,0.0,0.0,0.0,0.0,0.0,25.7,0.0,0.0,14.6,0.0,0.0,0.0,0.0,0.0,0.0,0.0,0.0,0.0,0.0,0.0,0.0,0.0,0.0,9.7,0.0,0.0,0.0,0.0,0.0,0.0,0.0,0.0,0.0,0.0,0.0,0.0,0.0,0.0,0.0,0.0,0.0,0.0,0.0,0.0,0.0,0.0,0.0,0.0,0.0,0.0,0.0,0.0,0.0,0.0,0.0,0.0,0.0,0.0,0.0,0.0,0.0,1974,Sweden,21.4,0.71,0.70,3.51,3.35,0.16,0.04,0.88,1974,Sweden,,,,,,,,,,,,,0.48,0.43,0.35,1974,Sweden,0,0,0,0,2,1,0,1,1974,Sweden,0.70,60.31,44.30,47.61,3.20,12.96,9.91,26.72,26.49,3.31,2.61,1.98,7.97,,1974,Sweden,4043.00,4043.00,3962.00,76.86,75.34,264.00,1465.00,2233.00,88.60,2.20,1974,Sweden,85.00,17.00,57.60,14.25,2939.20,2653.90,73.54,,2939.20,2653.90,73.54,83.60,1974,Sweden,14.35,,,,,,,,,,,,,1974,Sweden,,,,,,,,,,,,,,,,,1974,Sweden,,,,,,8159.96,5259.16,1210.07,14.83,1974,Sweden
1975,Sweden,33,SWE,752,1,0,0,0,0.00,0.00,100.00,5,0,0,0,0.00,0.00,100.00,0.00,0.00,44.60,44.60,4,1975,Sweden,,90.8,43.6,0.0,0.0,0.0,0.0,0.0,0.0,0.0,0.0,0.0,0.0,0.0,0.0,5.3,0.0,0.0,0.0,0.0,0.0,25.1,0.0,0.0,14.3,0.0,0.0,0.0,0.0,0.0,0.0,0.0,0.0,0.0,0.0,0.0,0.0,0.0,0.0,9.4,0.0,0.0,0.0,0.0,0.0,0.0,0.0,0.0,0.0,0.0,0.0,0.0,0.0,0.0,0.0,0.0,0.0,0.0,0.0,0.0,0.0,0.0,0.0,0.0,0.0,0.0,0.0,0.0,0.0,0.0,0.0,0.0,0.0,0.0,0.0,0.0,2.3,1975,Sweden,44.6,0.0,0.0,0.0,0.0,0.0,0.0,0.0,0.0,0.0,0.0,0.0,0.0,5.4,0.0,0.0,0.0,0.0,0.0,25.7,0.0,0.0,14.6,0.0,0.0,0.0,0.0,0.0,0.0,0.0,0.0,0.0,0.0,0.0,0.0,0.0,0.0,9.7,0.0,0.0,0.0,0.0,0.0,0.0,0.0,0.0,0.0,0.0,0.0,0.0,0.0,0.0,0.0,0.0,0.0,0.0,0.0,0.0,0.0,0.0,0.0,0.0,0.0,0.0,0.0,0.0,0.0,0.0,0.0,0.0,0.0,0.0,0.0,0.0,0.0,1975,Sweden,21.4,0.71,0.70,3.51,3.35,0.16,0.04,0.88,1975,Sweden,,,,,,,,,,,,,0.58,0.47,0.47,1975,Sweden,0,0,0,0,2,1,0,1,1975,Sweden,0.70,52.28,44.80,49.57,2.55,17.44,9.78,25.97,25.75,4.77,4.05,3.26,9.00,,1975,Sweden,4129.00,4129.00,4062.00,78.51,77.24,261.00,1481.00,2320.00,74.00,1.80,1975,Sweden,86.00,24.00,365.51,88.52,3031.40,2766.69,74.46,85.00,3031.40,2766.69,74.46,85.00,1975,Sweden,14.20,,,,,,,,,,,,,1975,Sweden,,,,,,,,,,,,,,,,,1975,Sweden,,,30.70,28.10,19.50,8192.44,5259.24,1237.94,15.11,1975,Sweden
1976,Sweden,33,SWE,752,1,0,0,0,12.16,10.94,75.68,4,1,-1,1,12.72,11.59,75.68,6.57,5.98,33.75,46.30,4,1976,Sweden,19/09/1976,91.8,42.7,0.0,0.0,0.0,0.0,0.0,0.0,0.0,0.0,0.0,0.0,0.0,0.0,4.8,0.0,0.0,0.0,0.0,0.0,24.1,0.0,0.0,15.6,0.0,0.0,0.0,0.0,0.0,0.0,0.0,0.0,0.0,0.0,0.0,0.0,0.0,0.0,11.1,0.0,0.0,0.0,0.0,0.0,0.0,0.0,0.0,0.0,0.0,0.0,0.0,0.0,0.0,0.0,0.0,0.0,0.0,0.0,0.0,0.0,0.0,0.0,0.0,0.0,0.0,0.0,0.0,0.0,0.0,0.0,0.0,0.0,0.0,0.0,0.0,1.7,1976,Sweden,43.6,0.0,0.0,0.0,0.0,0.0,0.0,0.0,0.0,0.0,0.0,0.0,0.0,4.9,0.0,0.0,0.0,0.0,0.0,24.6,0.0,0.0,15.8,0.0,0.0,0.0,0.0,0.0,0.0,0.0,0.0,0.0,0.0,0.0,0.0,0.0,0.0,11.2,0.0,0.0,0.0,0.0,0.0,0.0,0.0,0.0,0.0,0.0,0.0,0.0,0.0,0.0,0.0,0.0,0.0,0.0,0.0,0.0,0.0,0.0,0.0,0.0,0.0,0.0,0.0,0.0,0.0,0.0,0.0,0.0,0.0,0.0,0.0,0.0,0.0,1976,Sweden,22.9,0.72,0.71,3.58,3.44,0.14,0.04,0.75,1976,Sweden,,,,,,,,,,,,,0.73,0.48,0.69,1976,Sweden,0,0,0,0,2,1,0,1,1976,Sweden,0.70,52.70,47.32,53.48,1.06,13.10,10.25,24.23,24.02,6.16,5.33,4.92,9.54,,1976,Sweden,4159.00,4159.00,4088.00,79.01,77.66,254.00,1448.00,2386.00,74.50,1.80,1976,Sweden,73.00,9.00,24.74,5.95,3174.20,2772.03,73.87,,3174.20,2772.03,73.87,85.60,1976,Sweden,15.08,,,,,,,,,,,,,1976,Sweden,,,,,,,,,,,,,,,,,1976,Sweden,,,,,,8222.29,5263.77,1262.30,15.35,1976,Sweden
1977,Sweden,33,SWE,752,1,0,0,0,50.00,45.00,0.00,1,1,-3,0,52.33,47.67,0.00,27.00,24.60,0.00,51.60,2,1977,Sweden,,91.8,42.7,0.0,0.0,0.0,0.0,0.0,0.0,0.0,0.0,0.0,0.0,0.0,0.0,4.8,0.0,0.0,0.0,0.0,0.0,24.1,0.0,0.0,15.6,0.0,0.0,0.0,0.0,0.0,0.0,0.0,0.0,0.0,0.0,0.0,0.0,0.0,0.0,11.1,0.0,0.0,0.0,0.0,0.0,0.0,0.0,0.0,0.0,0.0,0.0,0.0,0.0,0.0,0.0,0.0,0.0,0.0,0.0,0.0,0.0,0.0,0.0,0.0,0.0,0.0,0.0,0.0,0.0,0.0,0.0,0.0,0.0,0.0,0.0,0.0,1.7,1977,Sweden,43.6,0.0,0.0,0.0,0.0,0.0,0.0,0.0,0.0,0.0,0.0,0.0,0.0,4.9,0.0,0.0,0.0,0.0,0.0,24.6,0.0,0.0,15.8,0.0,0.0,0.0,0.0,0.0,0.0,0.0,0.0,0.0,0.0,0.0,0.0,0.0,0.0,11.2,0.0,0.0,0.0,0.0,0.0,0.0,0.0,0.0,0.0,0.0,0.0,0.0,0.0,0.0,0.0,0.0,0.0,0.0,0.0,0.0,0.0,0.0,0.0,0.0,0.0,0.0,0.0,0.0,0.0,0.0,0.0,0.0,0.0,0.0,0.0,0.0,0.0,1977,Sweden,22.9,0.72,0.71,3.58,3.44,0.14,0.04,0.75,1977,Sweden,,,,,,,,,,,,,0.61,0.50,0.49,1977,Sweden,0,0,0,0,2,1,0,1,1977,Sweden,0.70,52.21,53.15,54.68,-1.60,8.77,11.44,26.29,26.07,1.53,0.84,1.76,9.98,,1977,Sweden,4181.00,4181.00,4099.00,79.31,77.73,248.00,1407.00,2444.00,83.10,2.00,1977,Sweden,35.00,13.00,87.15,20.84,3295.90,2866.35,76.04,,3295.90,2866.35,76.04,86.20,1977,Sweden,16.67,,,,,,,,,,,,,1977,Sweden,,,,,,,,,,,,,,,,,1977,Sweden,,,,,,8251.54,5273.19,1287.17,15.60,1977,Sweden
1978,Sweden,33,SWE,752,1,0,0,0,59.81,35.14,0.00,1,0,0,1,62.77,37.23,0.00,23.54,19.21,0.00,42.75,2,1978,Sweden,,91.8,42.7,0.0,0.0,0.0,0.0,0.0,0.0,0.0,0.0,0.0,0.0,0.0,0.0,4.8,0.0,0.0,0.0,0.0,0.0,24.1,0.0,0.0,15.6,0.0,0.0,0.0,0.0,0.0,0.0,0.0,0.0,0.0,0.0,0.0,0.0,0.0,0.0,11.1,0.0,0.0,0.0,0.0,0.0,0.0,0.0,0.0,0.0,0.0,0.0,0.0,0.0,0.0,0.0,0.0,0.0,0.0,0.0,0.0,0.0,0.0,0.0,0.0,0.0,0.0,0.0,0.0,0.0,0.0,0.0,0.0,0.0,0.0,0.0,0.0,1.7,1978,Sweden,43.6,0.0,0.0,0.0,0.0,0.0,0.0,0.0,0.0,0.0,0.0,0.0,0.0,4.9,0.0,0.0,0.0,0.0,0.0,24.6,0.0,0.0,15.8,0.0,0.0,0.0,0.0,0.0,0.0,0.0,0.0,0.0,0.0,0.0,0.0,0.0,0.0,11.2,0.0,0.0,0.0,0.0,0.0,0.0,0.0,0.0,0.0,0.0,0.0,0.0,0.0,0.0,0.0,0.0,0.0,0.0,0.0,0.0,0.0,0.0,0.0,0.0,0.0,0.0,0.0,0.0,0.0,0.0,0.0,0.0,0.0,0.0,0.0,0.0,0.0,1978,Sweden,22.9,0.72,0.71,3.58,3.44,0.14,0.04,0.75,1978,Sweden,,,,,,,,,,,,,0.52,0.55,0.32,1978,Sweden,0,0,0,0,2,1,0,1,1978,Sweden,0.70,51.30,54.03,53.42,1.75,11.47,10.00,30.37,30.11,-0.61,-1.20,-0.23,10.33,,1978,Sweden,4218.70,4218.70,4115.00,79.81,77.85,251.00,1360.00,2504.00,104.90,2.50,1978,Sweden,99.00,8.00,37.14,8.80,3373.50,2913.88,77.03,,3373.50,2913.88,77.03,86.80,1978,Sweden,17.47,,,,,,,,,,,,,1978,Sweden,,,,,,,,,,,,,,,,,1978,Sweden,,,,,,8275.60,5285.97,1312.17,15.86,1978,Sweden
1979,Sweden,33,SWE,752,1,0,0,0,87.45,7.40,0.00,1,0,0,1,91.89,8.11,0.00,15.77,4.06,0.00,19.83,4,1979,Sweden,16/09/1979,90.7,43.2,0.0,0.0,0.0,0.0,0.0,0.0,0.0,0.0,0.0,0.0,0.0,0.0,5.6,0.0,0.0,0.0,0.0,0.0,18.1,0.0,0.0,20.3,0.0,0.0,0.0,0.0,0.0,0.0,0.0,0.0,0.0,0.0,0.0,0.0,0.0,0.0,10.6,0.0,0.0,0.0,0.0,0.0,0.0,0.0,0.0,0.0,0.0,0.0,0.0,0.0,0.0,0.0,0.0,0.0,0.0,0.0,0.0,0.0,0.0,0.0,0.0,0.0,0.0,0.0,0.0,0.0,0.0,0.0,0.0,0.0,0.0,0.0,0.0,2.2,1979,Sweden,44.1,0.0,0.0,0.0,0.0,0.0,0.0,0.0,0.0,0.0,0.0,0.0,0.0,5.7,0.0,0.0,0.0,0.0,0.0,18.3,0.0,0.0,20.9,0.0,0.0,0.0,0.0,0.0,0.0,0.0,0.0,0.0,0.0,0.0,0.0,0.0,0.0,10.9,0.0,0.0,0.0,0.0,0.0,0.0,0.0,0.0,0.0,0.0,0.0,0.0,0.0,0.0,0.0,0.0,0.0,0.0,0.0,0.0,0.0,0.0,0.0,0.0,0.0,0.0,0.0,0.0,0.0,0.0,0.0,0.0,0.0,0.0,0.0,0.0,0.1,1979,Sweden,27.8,0.73,0.71,3.64,3.49,0.15,0.04,0.81,1979,Sweden,,,,,,,,,,,,,0.58,0.59,0.41,1979,Sweden,0,0,0,0,2,1,0,1,1979,Sweden,0.70,57.18,55.09,52.45,3.84,12.09,7.21,34.80,34.50,-2.65,-2.96,-3.20,10.72,,1979,Sweden,4277.20,4277.20,4180.00,80.63,78.80,242.00,1359.00,2579.00,97.80,2.30,1979,Sweden,207.00,32.00,28.66,6.70,3417.00,2971.02,77.31,,3417.00,2971.02,77.31,87.40,1979,Sweden,17.58,,,,,,,,,,,,,1979,Sweden,,,,,,,,,,,,,,,,,1979,Sweden,,,,,,8293.68,5304.59,1334.62,16.09,1979,Sweden
1980,Sweden,33,SWE,752,1,0,0,0,61.90,33.33,0.00,1,0,0,0,63.47,36.53,0.00,31.80,18.30,0.00,50.10,2,1980,Sweden,,90.7,43.2,0.0,0.0,0.0,0.0,0.0,0.0,0.0,0.0,0.0,0.0,0.0,0.0,5.6,0.0,0.0,0.0,0.0,0.0,18.1,0.0,0.0,20.3,0.0,0.0,0.0,0.0,0.0,0.0,0.0,0.0,0.0,0.0,0.0,0.0,0.0,0.0,10.6,0.0,0.0,0.0,0.0,0.0,0.0,0.0,0.0,0.0,0.0,0.0,0.0,0.0,0.0,0.0,0.0,0.0,0.0,0.0,0.0,0.0,0.0,0.0,0.0,0.0,0.0,0.0,0.0,0.0,0.0,0.0,0.0,0.0,0.0,0.0,0.0,2.2,1980,Sweden,44.1,0.0,0.0,0.0,0.0,0.0,0.0,0.0,0.0,0.0,0.0,0.0,0.0,5.7,0.0,0.0,0.0,0.0,0.0,18.3,0.0,0.0,20.9,0.0,0.0,0.0,0.0,0.0,0.0,0.0,0.0,0.0,0.0,0.0,0.0,0.0,0.0,10.9,0.0,0.0,0.0,0.0,0.0,0.0,0.0,0.0,0.0,0.0,0.0,0.0,0.0,0.0,0.0,0.0,0.0,0.0,0.0,0.0,0.0,0.0,0.0,0.0,0.0,0.0,0.0,0.0,0.0,0.0,0.0,0.0,0.0,0.0,0.0,0.0,0.1,1980,Sweden,27.8,0.73,0.71,3.64,3.49,0.15,0.04,0.81,1980,Sweden,,,,,,,,,,,,,0.42,0.58,0.15,1980,Sweden,0,0,0,0,2,1,0,1,1980,Sweden,0.70,56.90,57.75,52.36,1.70,13.62,13.71,43.48,43.11,-5.39,-5.15,-5.55,12.02,,1980,Sweden,4328.20,4328.20,4232.00,81.23,79.42,237.00,1364.00,2631.00,94.60,2.20,1980,Sweden,212.00,747.00,4478.51,1034.73,3496.00,3038.74,77.96,88.00,3496.00,3038.74,77.96,88.00,1980,Sweden,17.51,24.85,12.93,11.92,7.26,0.57,4.53,7.21,3.51,,0.35,1.02,0.40,1980,Sweden,0.84,0.60,0.17,1.50,0.00,0.56,,,,,,,,,0.35,,1980,Sweden,,,,,,8310.53,5328.42,1353.75,16.29,1980,Sweden
1981,Sweden,33,SWE,752,1,0,0,0,47.78,46.97,0.00,1,0,0,1,47.43,52.57,0.00,18.97,18.30,0.00,37.27,5,1981,Sweden,,90.7,43.2,0.0,0.0,0.0,0.0,0.0,0.0,0.0,0.0,0.0,0.0,0.0,0.0,5.6,0.0,0.0,0.0,0.0,0.0,18.1,0.0,0.0,20.3,0.0,0.0,0.0,0.0,0.0,0.0,0.0,0.0,0.0,0.0,0.0,0.0,0.0,0.0,10.6,0.0,0.0,0.0,0.0,0.0,0.0,0.0,0.0,0.0,0.0,0.0,0.0,0.0,0.0,0.0,0.0,0.0,0.0,0.0,0.0,0.0,0.0,0.0,0.0,0.0,0.0,0.0,0.0,0.0,0.0,0.0,0.0,0.0,0.0,0.0,0.0,2.2,1981,Sweden,44.1,0.0,0.0,0.0,0.0,0.0,0.0,0.0,0.0,0.0,0.0,0.0,0.0,5.7,0.0,0.0,0.0,0.0,0.0,18.3,0.0,0.0,20.9,0.0,0.0,0.0,0.0,0.0,0.0,0.0,0.0,0.0,0.0,0.0,0.0,0.0,0.0,10.9,0.0,0.0,0.0,0.0,0.0,0.0,0.0,0.0,0.0,0.0,0.0,0.0,0.0,0.0,0.0,0.0,0.0,0.0,0.0,0.0,0.0,0.0,0.0,0.0,0.0,0.0,0.0,0.0,0.0,0.0,0.0,0.0,0.0,0.0,0.0,0.0,0.1,1981,Sweden,27.8,0.73,0.71,3.64,3.49,0.15,0.04,0.81,1981,Sweden,0.87,-1.09,3.82,42.6,4.92,1.95,0.42,2.0,1.0,2.0,1.0,0.29,0.50,0.58,0.29,1981,Sweden,0,0,0,0,2,1,0,1,1981,Sweden,0.70,56.77,58.02,53.59,0.45,9.26,12.10,51.31,50.88,-4.43,-3.59,-2.87,13.81,,1981,Sweden,4344.20,4344.20,4224.00,81.20,78.95,237.00,1323.00,2664.00,120.90,2.80,1981,Sweden,68.00,99.00,209.14,48.14,3537.10,3047.79,78.35,,3537.10,3047.79,78.35,88.60,1981,Sweden,17.99,25.55,13.62,11.93,7.77,0.61,4.53,7.24,3.64,,0.50,0.84,0.42,1981,Sweden,0.80,0.65,0.18,1.58,0.00,0.62,,,,,,,,,0.46,0.04,1981,Sweden,,,30.40,31.00,18.80,8320.50,5349.92,1369.90,16.46,1981,Sweden
1982,Sweden,33,SWE,752,1,0,0,0,29.83,42.62,23.29,2,1,1,1,28.64,48.08,23.29,8.36,14.04,11.08,33.48,5,1982,Sweden,19/09/1982,91.4,45.6,0.0,0.0,0.0,0.0,0.0,0.0,0.0,0.0,0.0,0.0,0.0,0.0,5.6,0.0,0.0,0.0,0.0,0.0,15.5,0.0,0.0,23.6,0.0,0.0,0.0,0.0,0.0,0.0,0.0,0.0,0.0,0.0,0.0,0.0,0.0,0.0,5.9,0.0,0.0,0.0,0.0,0.0,0.0,0.0,0.0,0.0,0.0,0.0,0.0,0.0,0.0,0.0,0.0,0.0,0.0,0.0,0.0,0.0,0.0,0.0,0.0,0.0,0.0,0.0,0.0,0.0,0.0,0.0,0.0,0.0,0.0,0.0,0.0,3.8,1982,Sweden,47.6,0.0,0.0,0.0,0.0,0.0,0.0,0.0,0.0,0.0,0.0,0.0,0.0,5.7,0.0,0.0,0.0,0.0,0.0,16.0,0.0,0.0,24.6,0.0,0.0,0.0,0.0,0.0,0.0,0.0,0.0,0.0,0.0,0.0,0.0,0.0,0.0,6.0,0.0,0.0,0.0,0.0,0.0,0.0,0.0,0.0,0.0,0.0,0.0,0.0,0.0,0.0,0.0,0.0,0.0,0.0,0.0,0.0,0.0,0.0,0.0,0.0,0.0,0.0,0.0,0.0,0.0,0.0,0.0,0.0,0.0,0.0,0.0,0.0,0.1,1982,Sweden,27.5,0.71,0.68,3.40,3.13,0.27,0.08,1.62,1982,Sweden,,,,,,,,,,,,,0.58,0.56,0.47,1982,Sweden,0,0,0,0,2,1,0,1,1982,Sweden,0.70,61.77,60.19,53.97,1.25,9.43,8.59,60.73,60.22,-6.22,-4.55,-3.51,13.35,,1982,Sweden,4374.40,4374.40,4220.00,81.49,78.62,236.00,1277.00,2707.00,147.60,3.40,1982,Sweden,46.00,5.00,1.76,0.40,3588.90,3060.80,78.96,,3588.90,3060.80,78.96,89.20,1982,Sweden,18.18,25.49,13.65,11.84,7.75,0.61,4.40,7.30,3.44,,0.66,0.84,0.49,1982,Sweden,0.74,0.65,0.18,1.47,0.00,0.59,,,,,,,,,0.62,0.04,1982,Sweden,,,,,,8325.26,5367.71,1386.39,16.65,1982,Sweden
1983,Sweden,33,SWE,752,1,0,0,0,0.00,0.00,100.00,5,1,3,0,0.00,0.00,100.00,0.00,0.00,47.60,47.60,4,1983,Sweden,,91.4,45.6,0.0,0.0,0.0,0.0,0.0,0.0,0.0,0.0,0.0,0.0,0.0,0.0,5.6,0.0,0.0,0.0,0.0,0.0,15.5,0.0,0.0,23.6,0.0,0.0,0.0,0.0,0.0,0.0,0.0,0.0,0.0,0.0,0.0,0.0,0.0,0.0,5.9,0.0,0.0,0.0,0.0,0.0,0.0,0.0,0.0,0.0,0.0,0.0,0.0,0.0,0.0,0.0,0.0,0.0,0.0,0.0,0.0,0.0,0.0,0.0,0.0,0.0,0.0,0.0,0.0,0.0,0.0,0.0,0.0,0.0,0.0,0.0,0.0,3.8,1983,Sweden,47.6,0.0,0.0,0.0,0.0,0.0,0.0,0.0,0.0,0.0,0.0,0.0,0.0,5.7,0.0,0.0,0.0,0.0,0.0,16.0,0.0,0.0,24.6,0.0,0.0,0.0,0.0,0.0,0.0,0.0,0.0,0.0,0.0,0.0,0.0,0.0,0.0,6.0,0.0,0.0,0.0,0.0,0.0,0.0,0.0,0.0,0.0,0.0,0.0,0.0,0.0,0.0,0.0,0.0,0.0,0.0,0.0,0.0,0.0,0.0,0.0,0.0,0.0,0.0,0.0,0.0,0.0,0.0,0.0,0.0,0.0,0.0,0.0,0.0,0.1,1983,Sweden,27.5,0.71,0.68,3.40,3.13,0.27,0.08,1.62,1983,Sweden,,,,,,,,,,,,,0.49,0.57,0.30,1983,Sweden,0,0,0,0,2,1,0,1,1983,Sweden,0.70,65.50,60.79,55.94,1.90,12.04,8.87,64.55,64.00,-4.85,-3.22,-2.11,12.60,,1983,Sweden,4395.10,4395.10,4224.00,81.68,78.49,229.00,1263.00,2732.00,161.30,3.70,1983,Sweden,92.00,14.00,36.92,8.40,3655.00,3098.72,79.64,,3655.00,3098.72,79.64,89.80,1983,Sweden,18.24,25.78,13.88,11.90,7.90,0.63,4.27,7.21,3.59,,0.88,0.79,0.52,1983,Sweden,0.73,0.60,0.18,1.65,0.00,0.61,,,,,,,,,0.84,0.04,1983,Sweden,,,,,,8329.03,5381.37,1402.54,16.84,1983,Sweden
1984,Sweden,33,SWE,752,1,0,0,0,0.00,0.00,100.00,5,0,0,0,0.00,0.00,100.00,0.00,0.00,47.60,47.60,4,1984,Sweden,,91.4,45.6,0.0,0.0,0.0,0.0,0.0,0.0,0.0,0.0,0.0,0.0,0.0,0.0,5.6,0.0,0.0,0.0,0.0,0.0,15.5,0.0,0.0,23.6,0.0,0.0,0.0,0.0,0.0,0.0,0.0,0.0,0.0,0.0,0.0,0.0,0.0,0.0,5.9,0.0,0.0,0.0,0.0,0.0,0.0,0.0,0.0,0.0,0.0,0.0,0.0,0.0,0.0,0.0,0.0,0.0,0.0,0.0,0.0,0.0,0.0,0.0,0.0,0.0,0.0,0.0,0.0,0.0,0.0,0.0,0.0,0.0,0.0,0.0,0.0,3.8,1984,Sweden,47.6,0.0,0.0,0.0,0.0,0.0,0.0,0.0,0.0,0.0,0.0,0.0,0.0,5.7,0.0,0.0,0.0,0.0,0.0,16.0,0.0,0.0,24.6,0.0,0.0,0.0,0.0,0.0,0.0,0.0,0.0,0.0,0.0,0.0,0.0,0.0,0.0,6.0,0.0,0.0,0.0,0.0,0.0,0.0,0.0,0.0,0.0,0.0,0.0,0.0,0.0,0.0,0.0,0.0,0.0,0.0,0.0,0.0,0.0,0.0,0.0,0.0,0.0,0.0,0.0,0.0,0.0,0.0,0.0,0.0,0.0,0.0,0.0,0.0,0.1,1984,Sweden,27.5,0.71,0.68,3.40,3.13,0.27,0.08,1.62,1984,Sweden,,,,,,,,,,,,,0.53,0.57,0.39,1984,Sweden,0,0,0,0,2,1,0,1,1984,Sweden,0.70,65.39,58.77,55.91,4.23,12.19,8.04,65.74,65.18,-2.87,-0.89,-0.94,12.58,,1984,Sweden,4408.90,4408.90,4255.00,81.77,78.92,218.00,1268.00,2769.00,143.40,3.30,1984,Sweden,206.00,24.00,31.29,7.10,3725.90,3175.22,80.77,,3725.90,3175.22,80.77,90.40,1984,Sweden,17.48,25.00,13.32,11.68,7.60,0.59,4.14,7.04,3.49,,0.84,0.75,0.55,1984,Sweden,0.65,0.59,0.17,1.69,0.00,0.57,,,,,,,,,0.79,0.05,1984,Sweden,,,,,,8336.61,5391.77,1417.30,17.00,1984,Sweden
1985,Sweden,33,SWE,752,1,0,0,0,0.00,0.00,100.00,5,0,0,1,0.00,0.00,100.00,0.00,0.00,47.11,47.11,4,1985,Sweden,15/09/1985,89.9,44.7,0.0,0.0,0.0,0.0,0.0,0.0,0.0,0.0,0.0,0.0,0.0,0.0,5.4,0.0,0.0,0.0,0.0,0.0,12.4,0.0,0.0,21.3,0.0,0.0,0.0,0.0,0.0,0.0,0.0,0.0,0.0,0.0,0.0,0.0,0.0,0.0,14.2,0.0,0.0,0.0,0.0,0.0,0.0,0.0,0.0,0.0,0.0,0.0,0.0,0.0,0.0,0.0,0.0,0.0,0.0,0.0,0.0,0.0,0.0,0.0,0.0,0.0,0.0,0.0,0.0,0.0,0.0,0.0,0.0,0.0,0.0,0.0,0.0,2.0,1985,Sweden,45.6,0.0,0.0,0.0,0.0,0.0,0.0,0.0,0.0,0.0,0.0,0.0,0.0,5.4,0.0,0.0,0.0,0.0,0.0,12.3,0.0,0.0,21.8,0.0,0.0,0.0,0.0,0.0,0.0,0.0,0.0,0.0,0.0,0.0,0.0,0.0,0.0,14.6,0.0,0.0,0.0,0.0,0.0,0.0,0.0,0.0,0.0,0.0,0.0,0.0,0.0,0.0,0.0,0.0,0.0,0.0,0.0,0.0,0.0,0.0,0.0,0.0,0.0,0.0,0.0,0.0,0.0,0.0,0.0,0.0,0.0,0.0,0.0,0.0,0.3,1985,Sweden,31.5,0.72,0.71,3.53,3.39,0.13,0.04,0.78,1985,Sweden,,,,,,,,,,,,,0.67,0.56,0.63,1985,Sweden,0,0,0,0,2,1,0,1,1985,Sweden,0.70,65.19,60.07,56.61,2.16,8.70,7.37,65.42,64.86,-3.47,-1.10,-1.79,13.30,,1985,Sweden,4436.20,4436.20,4299.00,82.24,79.69,208.00,1283.00,2808.00,127.90,2.90,1985,Sweden,160.00,125.00,504.21,113.66,3773.10,3239.92,81.29,91.00,3773.10,3239.92,81.29,91.00,1985,Sweden,18.20,26.97,13.93,11.08,7.77,0.61,4.31,6.58,3.71,1.96,0.81,0.61,0.60,1985,Sweden,0.86,0.65,0.17,1.65,0.00,0.55,0.23,0.65,,0.41,0.37,0.36,0.30,0.01,0.70,0.11,1985,Sweden,2.80,4.08,,,,8350.39,5394.45,1439.36,17.24,1985,Sweden
1986,Sweden,33,SWE,752,1,0,0,0,0.00,0.00,100.00,5,0,0,1,0.00,0.00,100.00,0.00,0.00,45.60,45.60,4,1986,Sweden,,89.9,44.7,0.0,0.0,0.0,0.0,0.0,0.0,0.0,0.0,0.0,0.0,0.0,0.0,5.4,0.0,0.0,0.0,0.0,0.0,12.4,0.0,0.0,21.3,0.0,0.0,0.0,0.0,0.0,0.0,0.0,0.0,0.0,0.0,0.0,0.0,0.0,0.0,14.2,0.0,0.0,0.0,0.0,0.0,0.0,0.0,0.0,0.0,0.0,0.0,0.0,0.0,0.0,0.0,0.0,0.0,0.0,0.0,0.0,0.0,0.0,0.0,0.0,0.0,0.0,0.0,0.0,0.0,0.0,0.0,0.0,0.0,0.0,0.0,0.0,2.0,1986,Sweden,45.6,0.0,0.0,0.0,0.0,0.0,0.0,0.0,0.0,0.0,0.0,0.0,0.0,5.4,0.0,0.0,0.0,0.0,0.0,12.3,0.0,0.0,21.8,0.0,0.0,0.0,0.0,0.0,0.0,0.0,0.0,0.0,0.0,0.0,0.0,0.0,0.0,14.6,0.0,0.0,0.0,0.0,0.0,0.0,0.0,0.0,0.0,0.0,0.0,0.0,0.0,0.0,0.0,0.0,0.0,0.0,0.0,0.0,0.0,0.0,0.0,0.0,0.0,0.0,0.0,0.0,0.0,0.0,0.0,0.0,0.0,0.0,0.0,0.0,0.3,1986,Sweden,31.5,0.72,0.71,3.53,3.39,0.13,0.04,0.78,1986,Sweden,,,,,,,,,,,,,0.70,0.59,0.67,1986,Sweden,0,0,0,0,2,1,0,1,1986,Sweden,0.70,59.34,58.00,57.67,2.69,9.18,4.24,65.01,64.45,-0.33,1.44,0.32,10.51,,1986,Sweden,4396.20,4396.20,4269.00,81.47,79.11,179.00,1287.00,2803.00,119.60,2.70,1986,Sweden,75.00,66.00,682.65,155.28,3807.00,3291.14,82.50,,3807.00,3291.14,82.50,91.00,1986,Sweden,18.33,27.09,14.21,11.02,7.89,0.62,4.47,6.38,3.72,1.86,0.82,0.65,0.68,1986,Sweden,0.78,0.70,0.17,1.75,0.00,0.50,0.24,0.62,,0.40,0.39,0.37,0.23,0.01,0.72,0.11,1986,Sweden,2.80,4.08,,,,8369.83,5396.36,1465.61,17.51,1986,Sweden
1987,Sweden,33,SWE,752,1,0,0,0,0.00,0.00,100.00,5,0,0,0,0.00,0.00,100.00,0.00,0.00,45.60,45.60,4,1987,Sweden,,89.9,44.7,0.0,0.0,0.0,0.0,0.0,0.0,0.0,0.0,0.0,0.0,0.0,0.0,5.4,0.0,0.0,0.0,0.0,0.0,12.4,0.0,0.0,21.3,0.0,0.0,0.0,0.0,0.0,0.0,0.0,0.0,0.0,0.0,0.0,0.0,0.0,0.0,14.2,0.0,0.0,0.0,0.0,0.0,0.0,0.0,0.0,0.0,0.0,0.0,0.0,0.0,0.0,0.0,0.0,0.0,0.0,0.0,0.0,0.0,0.0,0.0,0.0,0.0,0.0,0.0,0.0,0.0,0.0,0.0,0.0,0.0,0.0,0.0,0.0,2.0,1987,Sweden,45.6,0.0,0.0,0.0,0.0,0.0,0.0,0.0,0.0,0.0,0.0,0.0,0.0,5.4,0.0,0.0,0.0,0.0,0.0,12.3,0.0,0.0,21.8,0.0,0.0,0.0,0.0,0.0,0.0,0.0,0.0,0.0,0.0,0.0,0.0,0.0,0.0,14.6,0.0,0.0,0.0,0.0,0.0,0.0,0.0,0.0,0.0,0.0,0.0,0.0,0.0,0.0,0.0,0.0,0.0,0.0,0.0,0.0,0.0,0.0,0.0,0.0,0.0,0.0,0.0,0.0,0.0,0.0,0.0,0.0,0.0,0.0,0.0,0.0,0.3,1987,Sweden,31.5,0.72,0.71,3.53,3.39,0.13,0.04,0.78,1987,Sweden,,,,,,,,,,,,,0.77,0.58,0.79,1987,Sweden,0,0,0,0,2,1,0,1,1987,Sweden,0.70,59.78,56.42,59.55,3.35,8.23,4.19,57.88,57.39,3.14,4.57,2.62,11.72,,1987,Sweden,4418.00,4418.00,4316.00,81.65,79.77,174.00,1291.00,2851.00,98.20,2.20,1987,Sweden,72.00,11.00,14.73,3.33,3838.10,3331.84,85.19,,3838.10,3331.84,85.19,91.00,1987,Sweden,18.67,27.31,14.43,11.14,7.89,0.61,4.67,6.45,3.79,1.74,0.75,0.63,0.78,1987,Sweden,0.88,0.73,0.16,1.70,0.00,0.49,0.23,0.60,,0.37,0.38,0.37,0.16,0.01,0.66,0.10,1987,Sweden,2.80,4.08,31.80,32.60,19.00,8397.80,5410.54,1485.06,17.68,1987,Sweden
1988,Sweden,33,SWE,752,1,0,0,0,0.00,0.00,100.00,5,0,0,1,0.00,0.00,100.00,0.00,0.00,45.38,45.38,4,1988,Sweden,18/09/1988,86.0,43.2,0.0,0.0,0.0,0.0,0.0,0.0,0.0,0.0,0.0,0.0,0.0,0.0,5.8,0.0,0.0,0.0,0.0,0.0,11.3,0.0,0.0,18.3,0.0,0.0,0.0,0.0,0.0,0.0,0.0,2.9,0.0,0.0,0.0,0.0,0.0,0.0,12.6,0.0,0.0,0.0,0.0,0.0,0.0,0.0,0.0,0.0,0.0,0.0,0.0,0.0,5.5,0.0,0.0,0.0,0.0,0.0,0.0,0.0,0.0,0.0,0.0,0.0,0.0,0.0,0.0,0.0,0.0,0.0,0.0,0.0,0.0,0.0,0.0,0.4,1988,Sweden,44.7,0.0,0.0,0.0,0.0,0.0,0.0,0.0,0.0,0.0,0.0,0.0,0.0,6.0,0.0,0.0,0.0,0.0,0.0,12.0,0.0,0.0,18.9,0.0,0.0,0.0,0.0,0.0,0.0,0.0,0.0,0.0,0.0,0.0,0.0,0.0,0.0,12.6,0.0,0.0,0.0,0.0,0.0,0.0,0.0,0.0,0.0,0.0,0.0,0.0,0.0,5.7,0.0,0.0,0.0,0.0,0.0,0.0,0.0,0.0,0.0,0.0,0.0,0.0,0.0,0.0,0.0,0.0,0.0,0.0,0.0,0.0,0.0,0.0,0.1,1988,Sweden,38.4,0.74,0.73,3.91,3.67,0.24,0.06,2.41,1988,Sweden,,,,,,,,,,,,,0.87,0.57,0.95,1988,Sweden,0,0,0,0,2,1,0,1,1988,Sweden,0.70,59.44,55.42,58.56,2.56,9.30,5.82,51.89,51.45,3.14,4.16,1.90,11.38,,1988,Sweden,4459.00,4459.00,4375.00,82.07,80.52,170.00,1289.00,2916.00,81.50,1.80,1988,Sweden,144.00,95.00,797.42,178.83,3848.90,3348.88,84.27,,3848.90,3348.88,84.27,91.00,1988,Sweden,19.39,27.77,14.99,11.13,7.98,0.61,5.32,6.34,3.80,1.64,0.64,0.65,0.78,1988,Sweden,0.83,0.80,0.16,1.69,0.00,0.49,0.23,0.56,,0.36,0.37,0.35,0.13,0.01,0.55,0.09,1988,Sweden,2.80,4.08,,,,8436.49,5433.37,1498.73,17.76,1988,Sweden
1989,Sweden,33,SWE,752,1,0,0,0,0.00,0.00,100.00,5,0,0,0,0.00,0.00,100.00,0.00,0.00,44.70,44.70,4,1989,Sweden,,86.0,43.2,0.0,0.0,0.0,0.0,0.0,0.0,0.0,0.0,0.0,0.0,0.0,0.0,5.8,0.0,0.0,0.0,0.0,0.0,11.3,0.0,0.0,18.3,0.0,0.0,0.0,0.0,0.0,0.0,0.0,2.9,0.0,0.0,0.0,0.0,0.0,0.0,12.6,0.0,0.0,0.0,0.0,0.0,0.0,0.0,0.0,0.0,0.0,0.0,0.0,0.0,5.5,0.0,0.0,0.0,0.0,0.0,0.0,0.0,0.0,0.0,0.0,0.0,0.0,0.0,0.0,0.0,0.0,0.0,0.0,0.0,0.0,0.0,0.0,0.4,1989,Sweden,44.7,0.0,0.0,0.0,0.0,0.0,0.0,0.0,0.0,0.0,0.0,0.0,0.0,6.0,0.0,0.0,0.0,0.0,0.0,12.0,0.0,0.0,18.9,0.0,0.0,0.0,0.0,0.0,0.0,0.0,0.0,0.0,0.0,0.0,0.0,0.0,0.0,12.6,0.0,0.0,0.0,0.0,0.0,0.0,0.0,0.0,0.0,0.0,0.0,0.0,0.0,5.7,0.0,0.0,0.0,0.0,0.0,0.0,0.0,0.0,0.0,0.0,0.0,0.0,0.0,0.0,0.0,0.0,0.0,0.0,0.0,0.0,0.0,0.0,0.1,1989,Sweden,38.4,0.74,0.73,3.91,3.67,0.24,0.06,2.41,1989,Sweden,,,,,,,,,,,,,0.74,0.55,0.75,1989,Sweden,0,0,0,0,2,1,0,1,1989,Sweden,0.70,60.13,56.79,59.87,2.65,10.79,6.44,47.21,46.81,3.08,3.78,1.13,11.21,,1989,Sweden,4515.00,4515.00,4442.00,82.63,81.25,161.00,1309.00,2972.00,71.10,1.60,1989,Sweden,139.00,34.00,409.71,90.74,3855.60,3356.68,83.35,,3855.60,3356.68,83.35,91.00,1989,Sweden,19.38,27.19,14.79,10.95,8.02,0.62,5.34,6.41,3.69,1.44,0.60,0.60,0.48,1989,Sweden,0.75,0.88,0.16,1.75,0.00,0.31,0.22,0.43,,0.34,0.36,0.34,0.09,0.01,0.51,0.08,1989,Sweden,2.80,4.08,,,,8492.96,5466.96,1511.03,17.79,1989,Sweden
1990,Sweden,33,SWE,752,1,0,0,0,0.00,0.00,100.00,5,0,0,1,0.00,0.00,100.00,0.00,0.00,44.70,44.70,4,1990,Sweden,,86.0,43.2,0.0,0.0,0.0,0.0,0.0,0.0,0.0,0.0,0.0,0.0,0.0,0.0,5.8,0.0,0.0,0.0,0.0,0.0,11.3,0.0,0.0,18.3,0.0,0.0,0.0,0.0,0.0,0.0,0.0,2.9,0.0,0.0,0.0,0.0,0.0,0.0,12.6,0.0,0.0,0.0,0.0,0.0,0.0,0.0,0.0,0.0,0.0,0.0,0.0,0.0,5.5,0.0,0.0,0.0,0.0,0.0,0.0,0.0,0.0,0.0,0.0,0.0,0.0,0.0,0.0,0.0,0.0,0.0,0.0,0.0,0.0,0.0,0.0,0.4,1990,Sweden,44.7,0.0,0.0,0.0,0.0,0.0,0.0,0.0,0.0,0.0,0.0,0.0,0.0,6.0,0.0,0.0,0.0,0.0,0.0,12.0,0.0,0.0,18.9,0.0,0.0,0.0,0.0,0.0,0.0,0.0,0.0,0.0,0.0,0.0,0.0,0.0,0.0,12.6,0.0,0.0,0.0,0.0,0.0,0.0,0.0,0.0,0.0,0.0,0.0,0.0,0.0,5.7,0.0,0.0,0.0,0.0,0.0,0.0,0.0,0.0,0.0,0.0,0.0,0.0,0.0,0.0,0.0,0.0,0.0,0.0,0.0,0.0,0.0,0.0,0.1,1990,Sweden,38.4,0.74,0.73,3.91,3.67,0.24,0.06,2.41,1990,Sweden,,,,,,,,,,,,,1.08,0.59,1.24,1990,Sweden,0,0,0,0,2,1,0,1,1990,Sweden,0.70,56.86,56.55,59.73,0.75,10.30,10.37,43.18,42.81,3.19,3.60,1.92,13.19,,1990,Sweden,4568.00,4568.00,4485.00,83.04,81.52,154.00,1310.00,3021.00,79.90,1.70,1990,Sweden,126.00,73.00,770.36,168.64,3861.90,3321.71,81.53,91.00,3861.90,3321.71,81.53,91.00,1990,Sweden,19.50,27.24,15.08,10.61,8.10,0.62,5.25,5.77,4.03,1.55,0.82,0.61,0.49,1990,Sweden,0.81,1.03,0.16,1.91,0.00,0.28,0.22,0.50,,0.36,0.37,0.36,0.10,0.01,0.74,0.08,1990,Sweden,2.80,4.08,,,,8558.83,5501.90,1521.91,17.78,1990,Sweden
1991,Sweden,33,SWE,752,1,0,0,0,15.26,8.22,75.34,4,1,-1,1,16.40,8.25,75.34,7.99,4.02,33.68,45.69,4,1991,Sweden,15/09/1991,86.7,37.7,0.0,0.0,0.0,0.0,0.0,0.0,0.0,0.0,0.0,0.0,0.0,0.0,4.5,0.0,0.0,0.0,0.0,0.0,8.5,0.0,0.0,21.9,0.0,0.0,0.0,0.0,0.0,0.0,0.0,7.1,0.0,0.0,0.0,0.0,0.0,0.0,9.1,0.0,0.0,0.0,0.0,0.0,0.0,0.0,0.0,0.0,0.0,0.0,0.0,0.0,3.4,0.0,0.0,0.0,0.0,0.0,0.0,6.7,0.0,0.0,0.0,0.0,0.0,0.0,0.0,0.0,0.0,0.0,0.0,0.0,0.0,0.0,0.0,1.1,1991,Sweden,39.5,0.0,0.0,0.0,0.0,0.0,0.0,0.0,0.0,0.0,0.0,0.0,0.0,4.6,0.0,0.0,0.0,0.0,0.0,8.9,0.0,0.0,22.9,0.0,0.0,0.0,0.0,0.0,0.0,0.0,7.4,0.0,0.0,0.0,0.0,0.0,0.0,9.5,0.0,0.0,0.0,0.0,0.0,0.0,0.0,0.0,0.0,0.0,0.0,0.0,0.0,0.0,0.0,0.0,0.0,0.0,0.0,0.0,7.2,0.0,0.0,0.0,0.0,0.0,0.0,0.0,0.0,0.0,0.0,0.0,0.0,0.0,0.0,0.0,0.0,1991,Sweden,33.5,0.78,0.76,4.58,4.20,0.38,0.08,2.87,1991,Sweden,,,,,,,,,,,,,1.15,0.60,1.37,1991,Sweden,0,0,0,0,2,1,0,1,1991,Sweden,0.70,52.05,59.10,59.03,-1.15,7.01,9.44,51.66,51.22,-0.07,0.42,0.74,10.72,,1991,Sweden,4545.00,4545.00,4396.00,82.25,79.56,145.00,1244.00,3007.00,143.00,3.10,1991,Sweden,23.00,3.00,21.72,4.78,3928.90,3306.54,82.79,,3928.90,3306.54,82.79,91.75,1991,Sweden,21.07,29.07,16.14,10.78,8.37,0.65,5.04,5.64,4.40,2.15,1.47,0.79,0.56,1991,Sweden,1.00,1.10,0.16,1.91,0.00,0.39,0.23,0.87,,0.53,0.38,0.36,0.14,0.02,1.40,0.07,1991,Sweden,2.80,4.08,,,,8617.38,5525.74,1528.97,17.74,1991,Sweden
1992,Sweden,33,SWE,752,1,0,0,0,65.00,30.00,0.00,1,1,-3,0,66.53,33.47,0.00,32.40,16.30,0.00,48.70,5,1992,Sweden,,86.7,37.7,0.0,0.0,0.0,0.0,0.0,0.0,0.0,0.0,0.0,0.0,0.0,0.0,4.5,0.0,0.0,0.0,0.0,0.0,8.5,0.0,0.0,21.9,0.0,0.0,0.0,0.0,0.0,0.0,0.0,7.1,0.0,0.0,0.0,0.0,0.0,0.0,9.1,0.0,0.0,0.0,0.0,0.0,0.0,0.0,0.0,0.0,0.0,0.0,0.0,0.0,3.4,0.0,0.0,0.0,0.0,0.0,0.0,6.7,0.0,0.0,0.0,0.0,0.0,0.0,0.0,0.0,0.0,0.0,0.0,0.0,0.0,0.0,0.0,1.1,1992,Sweden,39.5,0.0,0.0,0.0,0.0,0.0,0.0,0.0,0.0,0.0,0.0,0.0,0.0,4.6,0.0,0.0,0.0,0.0,0.0,8.9,0.0,0.0,22.9,0.0,0.0,0.0,0.0,0.0,0.0,0.0,7.4,0.0,0.0,0.0,0.0,0.0,0.0,9.5,0.0,0.0,0.0,0.0,0.0,0.0,0.0,0.0,0.0,0.0,0.0,0.0,0.0,0.0,0.0,0.0,0.0,0.0,0.0,0.0,7.2,0.0,0.0,0.0,0.0,0.0,0.0,0.0,0.0,0.0,0.0,0.0,0.0,0.0,0.0,0.0,0.0,1992,Sweden,33.5,0.78,0.76,4.58,4.20,0.38,0.08,2.87,1992,Sweden,,,,,,,,,,,,,1.12,0.64,1.25,1992,Sweden,0,0,0,0,2,1,0,1,1992,Sweden,0.70,51.72,66.90,58.43,-1.16,-0.16,2.37,68.81,68.22,-8.48,-8.11,-5.72,10.02,,1992,Sweden,4470.00,4470.00,4209.00,80.63,75.93,140.00,1118.00,2951.00,251.80,5.60,1992,Sweden,20.00,18.00,28.14,6.30,3970.20,3225.80,85.00,,3970.20,3225.80,85.00,92.50,1992,Sweden,23.40,32.67,17.21,12.79,9.90,0.71,4.47,6.56,4.45,2.67,2.39,0.87,0.64,1992,Sweden,1.02,1.16,0.18,1.83,0.00,0.44,0.26,0.93,,0.74,0.41,0.40,0.31,0.03,2.34,0.05,1992,Sweden,2.80,2.77,36.20,37.40,21.00,8668.07,5543.37,1533.14,17.69,1992,Sweden
1993,Sweden,33,SWE,752,1,0,0,0,61.90,33.33,0.00,1,0,0,0,66.53,33.47,0.00,32.40,16.30,0.00,48.70,5,1993,Sweden,,86.7,37.7,0.0,0.0,0.0,0.0,0.0,0.0,0.0,0.0,0.0,0.0,0.0,0.0,4.5,0.0,0.0,0.0,0.0,0.0,8.5,0.0,0.0,21.9,0.0,0.0,0.0,0.0,0.0,0.0,0.0,7.1,0.0,0.0,0.0,0.0,0.0,0.0,9.1,0.0,0.0,0.0,0.0,0.0,0.0,0.0,0.0,0.0,0.0,0.0,0.0,0.0,3.4,0.0,0.0,0.0,0.0,0.0,0.0,6.7,0.0,0.0,0.0,0.0,0.0,0.0,0.0,0.0,0.0,0.0,0.0,0.0,0.0,0.0,0.0,1.1,1993,Sweden,39.5,0.0,0.0,0.0,0.0,0.0,0.0,0.0,0.0,0.0,0.0,0.0,0.0,4.6,0.0,0.0,0.0,0.0,0.0,8.9,0.0,0.0,22.9,0.0,0.0,0.0,0.0,0.0,0.0,0.0,7.4,0.0,0.0,0.0,0.0,0.0,0.0,9.5,0.0,0.0,0.0,0.0,0.0,0.0,0.0,0.0,0.0,0.0,0.0,0.0,0.0,0.0,0.0,0.0,0.0,0.0,0.0,0.0,7.2,0.0,0.0,0.0,0.0,0.0,0.0,0.0,0.0,0.0,0.0,0.0,0.0,0.0,0.0,0.0,0.0,1993,Sweden,33.5,0.78,0.76,4.58,4.20,0.38,0.08,2.87,1993,Sweden,,,,,,,,,,,,,1.17,0.68,1.27,1993,Sweden,0,0,0,0,2,1,0,1,1993,Sweden,0.76,59.24,68.62,57.83,-2.07,0.10,4.73,74.07,73.44,-10.79,-9.95,-4.93,8.57,-1.25,1993,Sweden,4380.00,4380.00,3964.00,78.72,71.26,137.00,1013.00,2814.00,401.00,9.10,1993,Sweden,33.00,29.00,189.83,43.34,3959.23,3079.87,87.10,,3959.23,3079.87,87.10,93.25,1993,Sweden,22.22,34.65,18.45,13.52,10.30,0.73,5.61,6.29,4.22,2.68,2.61,1.11,1.10,1993,Sweden,1.06,0.97,0.18,1.57,0.30,0.14,0.26,0.67,,0.80,0.38,0.37,0.52,0.06,2.61,,1993,Sweden,2.80,2.77,,,,8718.56,5562.49,1535.32,17.61,1993,Sweden
1994,Sweden,33,SWE,752,1,0,0,0,47.15,25.39,23.84,2,1,1,1,50.67,25.49,23.84,24.68,12.41,10.99,48.08,5,1994,Sweden,18/09/1994,86.8,45.2,0.0,0.0,0.0,0.0,0.0,0.0,0.0,0.0,0.0,0.0,0.0,0.0,6.2,0.0,0.0,0.0,0.0,0.0,7.7,0.0,0.0,22.4,0.0,0.0,0.0,0.0,0.0,0.0,0.0,4.1,0.0,0.0,0.0,0.0,0.0,0.0,7.2,0.0,0.0,0.0,0.0,0.0,0.0,0.0,0.0,0.0,0.0,0.0,0.0,0.0,5.0,0.0,0.0,0.0,0.0,0.0,0.0,0.0,0.0,0.0,0.0,0.0,0.0,0.0,0.0,0.0,0.0,0.0,0.0,0.0,0.0,0.0,0.0,2.2,1994,Sweden,46.1,0.0,0.0,0.0,0.0,0.0,0.0,0.0,0.0,0.0,0.0,0.0,0.0,6.3,0.0,0.0,0.0,0.0,0.0,7.7,0.0,0.0,22.9,0.0,0.0,0.0,0.0,0.0,0.0,0.0,4.3,0.0,0.0,0.0,0.0,0.0,0.0,7.5,0.0,0.0,0.0,0.0,0.0,0.0,0.0,0.0,0.0,0.0,0.0,0.0,0.0,5.2,0.0,0.0,0.0,0.0,0.0,0.0,0.0,0.0,0.0,0.0,0.0,0.0,0.0,0.0,0.0,0.0,0.0,0.0,0.0,0.0,0.0,0.0,0.0,1994,Sweden,40.4,0.73,0.71,3.65,3.51,0.15,0.04,0.79,1994,Sweden,,,,,,,,,,,,,1.30,0.69,1.53,1994,Sweden,0,0,0,0,2,1,0,1,1994,Sweden,0.82,64.93,66.11,57.35,3.91,6.63,2.16,78.24,77.57,-8.76,-7.08,-3.71,9.71,1.04,1994,Sweden,4354.00,4354.00,3928.00,77.85,70.22,136.00,986.00,2806.00,411.80,9.40,1994,Sweden,13.00,22.00,52.40,12.03,3948.36,3052.08,87.43,94.00,3948.36,3052.08,87.43,94.00,1994,Sweden,21.68,33.31,17.56,13.04,10.03,0.72,5.27,5.93,4.14,2.71,2.36,1.14,1.02,1994,Sweden,1.00,1.00,0.18,1.52,0.31,0.14,0.28,0.69,,0.80,0.39,0.37,0.49,0.08,2.36,,1994,Sweden,2.80,1.77,,,,8780.75,5593.53,1538.11,17.52,1994,Sweden
1995,Sweden,33,SWE,752,1,0,1,0,0.00,0.00,100.00,5,1,3,0,0.00,0.00,100.00,0.00,0.00,46.10,46.10,4,1995,Sweden,,86.8,45.2,0.0,0.0,0.0,0.0,0.0,0.0,0.0,0.0,0.0,0.0,0.0,0.0,6.2,0.0,0.0,0.0,0.0,0.0,7.7,0.0,0.0,22.4,0.0,0.0,0.0,0.0,0.0,0.0,0.0,4.1,0.0,0.0,0.0,0.0,0.0,0.0,7.2,0.0,0.0,0.0,0.0,0.0,0.0,0.0,0.0,0.0,0.0,0.0,0.0,0.0,5.0,0.0,0.0,0.0,0.0,0.0,0.0,0.0,0.0,0.0,0.0,0.0,0.0,0.0,0.0,0.0,0.0,0.0,0.0,0.0,0.0,0.0,0.0,2.2,1995,Sweden,46.1,0.0,0.0,0.0,0.0,0.0,0.0,0.0,0.0,0.0,0.0,0.0,0.0,6.3,0.0,0.0,0.0,0.0,0.0,7.7,0.0,0.0,22.9,0.0,0.0,0.0,0.0,0.0,0.0,0.0,4.3,0.0,0.0,0.0,0.0,0.0,0.0,7.5,0.0,0.0,0.0,0.0,0.0,0.0,0.0,0.0,0.0,0.0,0.0,0.0,0.0,5.2,0.0,0.0,0.0,0.0,0.0,0.0,0.0,0.0,0.0,0.0,0.0,0.0,0.0,0.0,0.0,0.0,0.0,0.0,0.0,0.0,0.0,0.0,0.0,1995,Sweden,40.4,0.73,0.71,3.65,3.51,0.15,0.04,0.79,1995,Sweden,,,,,,,,,,,,,1.08,0.68,1.14,1995,Sweden,1,0,0,0,2,1,0,1,1995,Sweden,0.88,69.63,63.56,56.53,4.25,8.15,2.46,76.62,75.97,-7.03,-4.68,-2.87,10.27,3.19,1995,Sweden,4391.00,4391.00,3986.00,78.12,70.91,124.00,1033.00,2829.00,390.60,8.80,1995,Sweden,36.00,125.00,627.29,142.86,3942.54,3066.40,86.62,94.00,3942.54,3066.40,86.62,94.00,1995,Sweden,17.22,30.89,16.31,12.48,9.44,0.70,5.06,5.79,3.62,2.09,2.19,1.05,0.94,1995,Sweden,0.90,0.79,0.18,1.33,0.29,0.14,0.26,0.49,,0.59,0.32,0.30,0.38,0.07,2.19,,1995,Sweden,2.80,1.77,39.20,40.90,21.00,8826.94,5621.20,1541.72,17.47,1995,Sweden
1996,Sweden,33,SWE,752,1,0,1,0,0.00,0.00,100.00,5,0,0,1,0.00,0.00,100.00,0.00,0.00,46.10,46.10,4,1996,Sweden,,86.8,45.2,0.0,0.0,0.0,0.0,0.0,0.0,0.0,0.0,0.0,0.0,0.0,0.0,6.2,0.0,0.0,0.0,0.0,0.0,7.7,0.0,0.0,22.4,0.0,0.0,0.0,0.0,0.0,0.0,0.0,4.1,0.0,0.0,0.0,0.0,0.0,0.0,7.2,0.0,0.0,0.0,0.0,0.0,0.0,0.0,0.0,0.0,0.0,0.0,0.0,0.0,5.0,0.0,0.0,0.0,0.0,0.0,0.0,0.0,0.0,0.0,0.0,0.0,0.0,0.0,0.0,0.0,0.0,0.0,0.0,0.0,0.0,0.0,0.0,2.2,1996,Sweden,46.1,0.0,0.0,0.0,0.0,0.0,0.0,0.0,0.0,0.0,0.0,0.0,0.0,6.3,0.0,0.0,0.0,0.0,0.0,7.7,0.0,0.0,22.9,0.0,0.0,0.0,0.0,0.0,0.0,0.0,4.3,0.0,0.0,0.0,0.0,0.0,0.0,7.5,0.0,0.0,0.0,0.0,0.0,0.0,0.0,0.0,0.0,0.0,0.0,0.0,0.0,5.2,0.0,0.0,0.0,0.0,0.0,0.0,0.0,0.0,0.0,0.0,0.0,0.0,0.0,0.0,0.0,0.0,0.0,0.0,0.0,0.0,0.0,0.0,0.0,1996,Sweden,40.4,0.73,0.71,3.65,3.51,0.15,0.04,0.79,1996,Sweden,,,,,,,,,,,,,1.06,0.67,1.09,1996,Sweden,1,0,0,0,2,1,0,1,1996,Sweden,0.94,67.49,61.47,58.36,1.54,2.60,0.53,79.17,78.93,-3.11,-0.42,1.95,8.06,3.34,1996,Sweden,4402.50,4402.50,3963.00,78.14,70.34,115.00,1034.00,2814.00,425.70,9.60,1996,Sweden,9.00,9.00,61.35,13.93,3907.27,3001.62,85.06,,3907.27,3001.62,85.06,94.00,1996,Sweden,16.43,30.36,15.57,12.72,9.59,0.71,4.77,5.95,3.35,2.08,2.05,0.95,0.92,1996,Sweden,0.76,0.60,0.17,1.42,0.29,0.11,0.26,0.52,0.01,0.53,0.31,0.29,0.39,0.07,2.05,,1996,Sweden,2.80,1.77,,,,8841.00,5634.29,1543.31,17.46,1996,Sweden
1997,Sweden,33,SWE,752,1,0,1,0,0.00,0.00,100.00,5,0,0,0,0.00,0.00,100.00,0.00,0.00,46.10,46.10,4,1997,Sweden,,86.8,45.2,0.0,0.0,0.0,0.0,0.0,0.0,0.0,0.0,0.0,0.0,0.0,0.0,6.2,0.0,0.0,0.0,0.0,0.0,7.7,0.0,0.0,22.4,0.0,0.0,0.0,0.0,0.0,0.0,0.0,4.1,0.0,0.0,0.0,0.0,0.0,0.0,7.2,0.0,0.0,0.0,0.0,0.0,0.0,0.0,0.0,0.0,0.0,0.0,0.0,0.0,5.0,0.0,0.0,0.0,0.0,0.0,0.0,0.0,0.0,0.0,0.0,0.0,0.0,0.0,0.0,0.0,0.0,0.0,0.0,0.0,0.0,0.0,0.0,2.2,1997,Sweden,46.1,0.0,0.0,0.0,0.0,0.0,0.0,0.0,0.0,0.0,0.0,0.0,0.0,6.3,0.0,0.0,0.0,0.0,0.0,7.7,0.0,0.0,22.9,0.0,0.0,0.0,0.0,0.0,0.0,0.0,4.3,0.0,0.0,0.0,0.0,0.0,0.0,7.5,0.0,0.0,0.0,0.0,0.0,0.0,0.0,0.0,0.0,0.0,0.0,0.0,0.0,5.2,0.0,0.0,0.0,0.0,0.0,0.0,0.0,0.0,0.0,0.0,0.0,0.0,0.0,0.0,0.0,0.0,0.0,0.0,0.0,0.0,0.0,0.0,0.0,1997,Sweden,40.4,0.73,0.71,3.65,3.51,0.15,0.04,0.79,1997,Sweden,,,,,,,,,,,,,1.14,0.67,1.14,1997,Sweden,1,0,0,0,2,1,0,1,1997,Sweden,1.00,73.15,59.21,57.63,3.13,4.63,0.66,77.56,77.34,-1.57,1.36,3.38,6.65,3.90,1997,Sweden,4367.20,4367.20,3922.00,77.36,69.47,109.00,1018.00,2795.00,437.10,9.90,1997,Sweden,14.00,12.00,23.58,5.40,3883.44,2868.46,81.98,,3883.44,2868.46,81.98,94.00,1997,Sweden,15.85,29.18,15.02,12.14,9.35,0.65,4.62,5.71,3.13,2.03,2.02,0.79,0.89,1997,Sweden,0.72,0.53,0.15,1.33,0.29,0.11,0.25,0.54,0.02,0.46,0.29,0.28,0.40,0.07,1.99,0.03,1997,Sweden,2.70,1.44,,,,8846.06,5645.29,1542.83,17.44,1997,Sweden
1998,Sweden,33,SWE,752,1,0,1,0,0.00,0.00,100.00,5,0,0,1,0.00,0.00,100.00,0.00,0.00,44.05,44.05,4,1998,Sweden,20/09/1998,81.4,36.4,0.0,0.0,0.0,0.0,0.0,0.0,0.0,0.0,0.0,0.0,0.0,0.0,12.0,0.0,0.0,0.0,0.0,0.0,5.1,0.0,0.0,22.9,0.0,0.0,0.0,0.0,0.0,0.0,0.0,11.8,0.0,0.0,0.0,0.0,0.0,0.0,4.7,0.0,0.0,0.0,0.0,0.0,0.0,0.0,0.0,0.0,0.0,0.0,0.0,0.0,4.5,0.0,0.0,0.0,0.0,0.0,0.0,0.0,0.0,0.0,0.0,0.0,0.0,0.0,0.0,0.0,0.0,0.0,0.0,0.0,0.0,0.0,0.0,2.6,1998,Sweden,37.5,0.0,0.0,0.0,0.0,0.0,0.0,0.0,0.0,0.0,0.0,0.0,0.0,12.3,0.0,0.0,0.0,0.0,0.0,5.2,0.0,0.0,23.5,0.0,0.0,0.0,0.0,0.0,0.0,0.0,12.0,0.0,0.0,0.0,0.0,0.0,0.0,4.9,0.0,0.0,0.0,0.0,0.0,0.0,0.0,0.0,0.0,0.0,0.0,0.0,0.0,4.6,0.0,0.0,0.0,0.0,0.0,0.0,0.0,0.0,0.0,0.0,0.0,0.0,0.0,0.0,0.0,0.0,0.0,0.0,0.0,0.0,0.0,0.0,0.0,1998,Sweden,42.7,0.78,0.77,4.54,4.30,0.24,0.05,0.94,1998,Sweden,,,,,,,,,,,,,1.16,0.70,1.12,1998,Sweden,2,0,0,0,2,1,0,1,1998,Sweden,1.00,75.74,57.27,58.11,4.12,4.97,-0.27,76.96,76.62,0.84,3.37,4.57,5.02,3.63,1998,Sweden,4347.00,4347.00,3979.00,76.81,70.31,101.73,1023.57,2853.70,361.90,8.20,1998,Sweden,13.00,1.00,1.68,0.39,3868.92,2929.27,82.33,94.00,3868.92,2929.27,82.33,94.00,1998,Sweden,15.69,29.04,14.70,12.00,9.06,0.62,4.87,5.77,3.12,2.33,1.74,0.72,0.80,1998,Sweden,0.80,0.53,0.14,1.24,0.31,0.11,0.24,0.90,,0.51,0.28,0.27,0.34,0.07,1.64,0.11,1998,Sweden,2.70,1.44,,,,8850.97,5659.50,1540.01,17.40,1998,Sweden
1999,Sweden,33,SWE,752,1,0,1,0,0.00,0.00,100.00,5,0,0,0,0.00,0.00,100.00,0.00,0.00,37.50,37.50,4,1999,Sweden,,81.4,36.4,0.0,0.0,0.0,0.0,0.0,0.0,0.0,0.0,0.0,0.0,0.0,0.0,12.0,0.0,0.0,0.0,0.0,0.0,5.1,0.0,0.0,22.9,0.0,0.0,0.0,0.0,0.0,0.0,0.0,11.8,0.0,0.0,0.0,0.0,0.0,0.0,4.7,0.0,0.0,0.0,0.0,0.0,0.0,0.0,0.0,0.0,0.0,0.0,0.0,0.0,4.5,0.0,0.0,0.0,0.0,0.0,0.0,0.0,0.0,0.0,0.0,0.0,0.0,0.0,0.0,0.0,0.0,0.0,0.0,0.0,0.0,0.0,0.0,2.6,1999,Sweden,37.5,0.0,0.0,0.0,0.0,0.0,0.0,0.0,0.0,0.0,0.0,0.0,0.0,12.3,0.0,0.0,0.0,0.0,0.0,5.2,0.0,0.0,23.5,0.0,0.0,0.0,0.0,0.0,0.0,0.0,12.0,0.0,0.0,0.0,0.0,0.0,0.0,4.9,0.0,0.0,0.0,0.0,0.0,0.0,0.0,0.0,0.0,0.0,0.0,0.0,0.0,4.6,0.0,0.0,0.0,0.0,0.0,0.0,0.0,0.0,0.0,0.0,0.0,0.0,0.0,0.0,0.0,0.0,0.0,0.0,0.0,0.0,0.0,0.0,0.0,1999,Sweden,42.7,0.78,0.77,4.54,4.30,0.24,0.05,0.94,1999,Sweden,,,,,,,,,,,,,1.12,0.74,0.99,1999,Sweden,2,0,0,0,2,1,0,1,1999,Sweden,1.00,76.01,56.67,57.43,4.26,5.32,0.46,67.48,67.20,0.76,3.16,3.57,4.98,3.93,1999,Sweden,4381.00,4382.00,4068.00,76.99,71.64,103.00,1022.00,2943.00,300.20,6.70,1999,Sweden,10.00,9.00,78.74,17.97,3862.35,2966.19,81.58,,3862.35,2966.19,81.58,94.00,1999,Sweden,15.43,28.46,14.39,11.95,8.88,0.61,5.09,5.77,3.04,2.11,1.56,0.67,0.72,1999,Sweden,0.75,0.52,0.13,1.23,0.30,0.11,0.24,0.85,,0.52,0.26,0.25,0.18,0.06,1.48,0.08,1999,Sweden,2.65,1.44,,,,8857.87,5678.69,1535.10,17.33,1999,Sweden
2000,Sweden,33,SWE,752,1,0,1,0,0.00,0.00,100.00,5,0,0,0,0.00,0.00,100.00,0.00,0.00,37.50,37.50,4,2000,Sweden,,81.4,36.4,0.0,0.0,0.0,0.0,0.0,0.0,0.0,0.0,0.0,0.0,0.0,0.0,12.0,0.0,0.0,0.0,0.0,0.0,5.1,0.0,0.0,22.9,0.0,0.0,0.0,0.0,0.0,0.0,0.0,11.8,0.0,0.0,0.0,0.0,0.0,0.0,4.7,0.0,0.0,0.0,0.0,0.0,0.0,0.0,0.0,0.0,0.0,0.0,0.0,0.0,4.5,0.0,0.0,0.0,0.0,0.0,0.0,0.0,0.0,0.0,0.0,0.0,0.0,0.0,0.0,0.0,0.0,0.0,0.0,0.0,0.0,0.0,0.0,2.6,2000,Sweden,37.5,0.0,0.0,0.0,0.0,0.0,0.0,0.0,0.0,0.0,0.0,0.0,0.0,12.3,0.0,0.0,0.0,0.0,0.0,5.2,0.0,0.0,23.5,0.0,0.0,0.0,0.0,0.0,0.0,0.0,12.0,0.0,0.0,0.0,0.0,0.0,0.0,4.9,0.0,0.0,0.0,0.0,0.0,0.0,0.0,0.0,0.0,0.0,0.0,0.0,0.0,4.6,0.0,0.0,0.0,0.0,0.0,0.0,0.0,0.0,0.0,0.0,0.0,0.0,0.0,0.0,0.0,0.0,0.0,0.0,0.0,0.0,0.0,0.0,0.0,2000,Sweden,42.7,0.78,0.77,4.54,4.30,0.24,0.05,0.94,2000,Sweden,,,,,,,,,,,,,0.99,0.79,0.73,2000,Sweden,2,0,0,0,2,1,0,1,2000,Sweden,1.00,82.33,53.63,56.85,4.89,6.48,0.90,57.32,56.93,3.23,5.28,4.53,5.37,3.95,2000,Sweden,4418.00,4418.00,4159.00,77.44,72.90,99.00,1022.00,3038.00,253.20,5.60,2000,Sweden,2.00,0.00,0.27,0.06,3831.71,2989.00,80.11,94.00,3831.71,2989.00,80.11,94.00,2000,Sweden,14.82,27.28,13.96,11.69,8.58,0.59,5.38,5.74,2.81,1.64,1.31,0.59,0.65,2000,Sweden,0.80,0.51,0.11,1.00,0.28,0.11,0.23,0.61,,0.46,0.24,0.23,0.06,0.05,1.25,0.05,2000,Sweden,2.65,1.44,37.00,38.00,23.50,8872.11,5705.14,1531.72,17.26,2000,Sweden
2001,Sweden,33,SWE,752,1,0,1,0,0.00,0.00,100.00,5,0,0,0,0.00,0.00,100.00,0.00,0.00,37.50,37.50,4,2001,Sweden,,81.4,36.4,0.0,0.0,0.0,0.0,0.0,0.0,0.0,0.0,0.0,0.0,0.0,0.0,12.0,0.0,0.0,0.0,0.0,0.0,5.1,0.0,0.0,22.9,0.0,0.0,0.0,0.0,0.0,0.0,0.0,11.8,0.0,0.0,0.0,0.0,0.0,0.0,4.7,0.0,0.0,0.0,0.0,0.0,0.0,0.0,0.0,0.0,0.0,0.0,0.0,0.0,4.5,0.0,0.0,0.0,0.0,0.0,0.0,0.0,0.0,0.0,0.0,0.0,0.0,0.0,0.0,0.0,0.0,0.0,0.0,0.0,0.0,0.0,0.0,2.6,2001,Sweden,37.5,0.0,0.0,0.0,0.0,0.0,0.0,0.0,0.0,0.0,0.0,0.0,0.0,12.3,0.0,0.0,0.0,0.0,0.0,5.2,0.0,0.0,23.5,0.0,0.0,0.0,0.0,0.0,0.0,0.0,12.0,0.0,0.0,0.0,0.0,0.0,0.0,4.9,0.0,0.0,0.0,0.0,0.0,0.0,0.0,0.0,0.0,0.0,0.0,0.0,0.0,4.6,0.0,0.0,0.0,0.0,0.0,0.0,0.0,0.0,0.0,0.0,0.0,0.0,0.0,0.0,0.0,0.0,0.0,0.0,0.0,0.0,0.0,0.0,0.0,2001,Sweden,42.7,0.78,0.77,4.54,4.30,0.24,0.05,0.94,2001,Sweden,,,,,,,,,,,,,0.85,0.80,0.48,2001,Sweden,2,0,0,0,2,1,0,1,2001,Sweden,1.00,81.28,53.02,54.45,1.72,4.20,2.41,59.04,58.36,1.42,3.09,3.16,5.11,4.73,2001,Sweden,4465.00,4465.00,4239.00,77.63,73.86,96.00,1008.00,3135.00,270.00,5.80,2001,Sweden,20.00,10.00,11.10,2.49,3815.65,2976.00,78.01,,3815.65,2976.00,78.01,94.00,2001,Sweden,14.91,27.39,13.81,12.10,8.54,0.57,5.66,5.96,2.94,1.48,1.02,0.58,0.63,2001,Sweden,0.85,0.53,0.10,1.02,0.32,0.12,0.23,0.55,,0.44,0.23,0.22,0.00,0.04,0.99,0.03,2001,Sweden,2.65,1.44,,,,8895.96,5738.95,1531.47,17.22,2001,Sweden
2002,Sweden,33,SWE,752,1,0,1,0,0.00,0.00,100.00,5,0,0,1,0.00,0.00,100.00,0.00,0.00,38.45,38.45,4,2002,Sweden,15/09/2002,80.1,39.9,0.0,0.0,0.0,0.0,0.0,0.0,0.0,0.0,0.0,0.0,0.0,0.0,8.4,0.0,0.0,0.0,0.0,0.0,6.2,0.0,0.0,15.3,0.0,0.0,0.0,0.0,0.0,0.0,0.0,9.1,0.0,0.0,0.0,0.0,0.0,0.0,13.4,0.0,0.0,0.0,0.0,0.0,0.0,0.0,0.0,0.0,0.0,0.0,0.0,0.0,4.6,0.0,0.0,0.0,0.0,0.0,0.0,0.0,0.0,0.0,0.0,0.0,0.0,0.0,0.0,0.0,0.0,0.0,0.0,0.0,0.0,0.0,0.0,3.1,2002,Sweden,41.3,0.0,0.0,0.0,0.0,0.0,0.0,0.0,0.0,0.0,0.0,0.0,0.0,8.6,0.0,0.0,0.0,0.0,0.0,6.3,0.0,0.0,15.8,0.0,0.0,0.0,0.0,0.0,0.0,0.0,9.4,0.0,0.0,0.0,0.0,0.0,0.0,13.7,0.0,0.0,0.0,0.0,0.0,0.0,0.0,0.0,0.0,0.0,0.0,0.0,0.0,4.9,0.0,0.0,0.0,0.0,0.0,0.0,0.0,0.0,0.0,0.0,0.0,0.0,0.0,0.0,0.0,0.0,0.0,0.0,0.0,0.0,0.0,0.0,0.0,2002,Sweden,45.0,0.78,0.76,4.51,4.22,0.29,0.06,1.12,2002,Sweden,,,,,,,,,,,,,0.85,0.73,0.60,2002,Sweden,2,0,0,0,2,1,0,1,2002,Sweden,1.00,77.86,54.22,52.74,2.08,3.71,2.16,58.72,58.10,-1.48,0.52,1.01,5.30,4.48,2002,Sweden,4477.60,4477.60,4244.00,77.52,73.48,90.70,982.00,3171.30,276.80,6.00,2002,Sweden,10.00,1.00,0.84,0.19,3809.98,2972.00,77.66,94.00,3809.98,2972.00,77.66,94.00,2002,Sweden,15.10,28.08,14.03,12.67,8.69,0.57,5.95,6.23,3.09,1.38,1.00,0.55,0.62,2002,Sweden,0.82,0.57,0.09,1.13,0.34,0.15,0.23,0.46,,0.43,0.23,0.22,0.00,0.04,0.99,0.01,2002,Sweden,2.61,1.44,,,,8924.96,5775.93,1532.93,17.18,2002,Sweden
2003,Sweden,33,SWE,752,1,0,1,0,0.00,0.00,100.00,5,0,0,0,0.00,0.00,100.00,0.00,0.00,41.30,41.30,4,2003,Sweden,,80.1,39.9,0.0,0.0,0.0,0.0,0.0,0.0,0.0,0.0,0.0,0.0,0.0,0.0,8.4,0.0,0.0,0.0,0.0,0.0,6.2,0.0,0.0,15.3,0.0,0.0,0.0,0.0,0.0,0.0,0.0,9.1,0.0,0.0,0.0,0.0,0.0,0.0,13.4,0.0,0.0,0.0,0.0,0.0,0.0,0.0,0.0,0.0,0.0,0.0,0.0,0.0,4.6,0.0,0.0,0.0,0.0,0.0,0.0,0.0,0.0,0.0,0.0,0.0,0.0,0.0,0.0,0.0,0.0,0.0,0.0,0.0,0.0,0.0,0.0,3.1,2003,Sweden,41.3,0.0,0.0,0.0,0.0,0.0,0.0,0.0,0.0,0.0,0.0,0.0,0.0,8.6,0.0,0.0,0.0,0.0,0.0,6.3,0.0,0.0,15.8,0.0,0.0,0.0,0.0,0.0,0.0,0.0,9.4,0.0,0.0,0.0,0.0,0.0,0.0,13.7,0.0,0.0,0.0,0.0,0.0,0.0,0.0,0.0,0.0,0.0,0.0,0.0,0.0,4.9,0.0,0.0,0.0,0.0,0.0,0.0,0.0,0.0,0.0,0.0,0.0,0.0,0.0,0.0,0.0,0.0,0.0,0.0,0.0,0.0,0.0,0.0,0.0,2003,Sweden,45.3,0.78,0.76,4.51,4.22,0.29,0.06,1.12,2003,Sweden,,,,,,,,,,,,,0.87,0.75,0.66,2003,Sweden,2,0,0,0,2,1,0,1,2003,Sweden,1.00,76.15,54.29,52.96,2.53,4.30,1.93,57.80,57.02,-1.34,-0.07,0.47,4.64,5.87,2003,Sweden,4497.00,4497.00,4234.00,77.33,72.81,89.00,962.00,3183.00,306.30,6.60,2003,Sweden,11.00,81.00,627.54,139.55,3813.14,2954.00,77.21,,3813.14,2954.00,77.21,94.00,2003,Sweden,15.55,28.75,14.73,12.95,9.17,0.63,6.07,6.35,3.14,1.07,1.14,0.54,0.64,2003,Sweden,0.78,0.60,0.08,1.17,0.37,0.14,0.22,0.23,,0.38,0.21,0.20,0.00,0.03,1.14,0.00,2003,Sweden,2.61,1.44,,,,8958.23,5815.25,1537.52,17.16,2003,Sweden
2004,Sweden,33,SWE,752,1,0,1,0,0.00,0.00,100.00,5,0,0,0,0.00,0.00,100.00,0.00,0.00,41.30,41.30,4,2004,Sweden,,80.1,39.9,0.0,0.0,0.0,0.0,0.0,0.0,0.0,0.0,0.0,0.0,0.0,0.0,8.4,0.0,0.0,0.0,0.0,0.0,6.2,0.0,0.0,15.3,0.0,0.0,0.0,0.0,0.0,0.0,0.0,9.1,0.0,0.0,0.0,0.0,0.0,0.0,13.4,0.0,0.0,0.0,0.0,0.0,0.0,0.0,0.0,0.0,0.0,0.0,0.0,0.0,4.6,0.0,0.0,0.0,0.0,0.0,0.0,0.0,0.0,0.0,0.0,0.0,0.0,0.0,0.0,0.0,0.0,0.0,0.0,0.0,0.0,0.0,0.0,3.1,2004,Sweden,41.3,0.0,0.0,0.0,0.0,0.0,0.0,0.0,0.0,0.0,0.0,0.0,0.0,8.6,0.0,0.0,0.0,0.0,0.0,6.3,0.0,0.0,15.8,0.0,0.0,0.0,0.0,0.0,0.0,0.0,9.4,0.0,0.0,0.0,0.0,0.0,0.0,13.7,0.0,0.0,0.0,0.0,0.0,0.0,0.0,0.0,0.0,0.0,0.0,0.0,0.0,4.9,0.0,0.0,0.0,0.0,0.0,0.0,0.0,0.0,0.0,0.0,0.0,0.0,0.0,0.0,0.0,0.0,0.0,0.0,0.0,0.0,0.0,0.0,0.0,2004,Sweden,45.3,0.78,0.76,4.51,4.22,0.29,0.06,1.12,2004,Sweden,,,,,,,,,,,,,0.75,0.78,0.39,2004,Sweden,2,0,0,0,2,1,0,1,2004,Sweden,1.00,79.29,52.90,53.19,3.78,4.39,0.37,57.35,56.50,0.29,1.22,0.91,4.42,6.01,2004,Sweden,4511.82,4512.00,4212.70,77.07,71.96,89.80,953.80,3169.10,345.60,7.40,2004,Sweden,9.00,2.00,15.28,3.39,3797.41,2950.00,77.71,,3797.41,2950.00,77.71,94.00,2004,Sweden,15.20,28.19,14.47,12.68,9.02,0.61,5.87,6.16,3.13,1.03,1.24,0.52,0.61,2004,Sweden,0.74,0.63,0.07,1.18,0.36,0.14,0.22,0.19,,0.39,0.21,0.20,0.00,0.03,1.24,0.00,2004,Sweden,2.61,1.44,,,,8993.53,5854.45,1547.79,17.21,2004,Sweden
2005,Sweden,33,SWE,752,1,0,1,0,0.00,0.00,100.00,5,0,0,0,0.00,0.00,100.00,0.00,0.00,41.30,41.30,4,2005,Sweden,,80.1,39.9,0.0,0.0,0.0,0.0,0.0,0.0,0.0,0.0,0.0,0.0,0.0,0.0,8.4,0.0,0.0,0.0,0.0,0.0,6.2,0.0,0.0,15.3,0.0,0.0,0.0,0.0,0.0,0.0,0.0,9.1,0.0,0.0,0.0,0.0,0.0,0.0,13.4,0.0,0.0,0.0,0.0,0.0,0.0,0.0,0.0,0.0,0.0,0.0,0.0,0.0,4.6,0.0,0.0,0.0,0.0,0.0,0.0,0.0,0.0,0.0,0.0,0.0,0.0,0.0,0.0,0.0,0.0,0.0,0.0,0.0,0.0,0.0,0.0,3.1,2005,Sweden,41.3,0.0,0.0,0.0,0.0,0.0,0.0,0.0,0.0,0.0,0.0,0.0,0.0,8.6,0.0,0.0,0.0,0.0,0.0,6.3,0.0,0.0,15.8,0.0,0.0,0.0,0.0,0.0,0.0,0.0,9.4,0.0,0.0,0.0,0.0,0.0,0.0,13.7,0.0,0.0,0.0,0.0,0.0,0.0,0.0,0.0,0.0,0.0,0.0,0.0,0.0,4.9,0.0,0.0,0.0,0.0,0.0,0.0,0.0,0.0,0.0,0.0,0.0,0.0,0.0,0.0,0.0,0.0,0.0,0.0,0.0,0.0,0.0,0.0,0.0,2005,Sweden,45.3,0.78,0.76,4.51,4.22,0.29,0.06,1.12,2005,Sweden,,,,,,,,,,,,,0.77,0.80,0.37,2005,Sweden,2,0,0,0,2,1,0,1,2005,Sweden,1.00,84.57,52.82,54.60,2.81,3.63,0.45,58.18,57.55,1.79,2.75,2.21,3.38,6.06,2005,Sweden,4622.20,4622.20,4262.60,78.37,72.28,85.40,938.90,3238.30,361.00,7.70,2005,Sweden,14.00,1.00,0.57,0.12,3762.62,2923.00,76.04,94.00,3762.62,2923.00,76.04,94.00,2005,Sweden,14.97,27.75,14.00,12.65,8.88,0.59,5.68,6.14,3.15,1.10,1.13,0.51,0.58,2005,Sweden,0.74,0.63,0.07,1.23,0.36,0.14,0.21,0.19,,0.47,0.20,0.19,0.00,0.03,1.13,0.00,2005,Sweden,2.61,1.44,37.00,37.00,22.10,9029.57,5897.54,1559.85,17.27,2005,Sweden
2006,Sweden,33,SWE,752,1,0,1,0,16.44,7.67,75.89,4,1,-1,1,16.92,7.19,75.89,8.63,3.66,31.34,43.64,4,2006,Sweden,17/09/2006,82.0,35.0,0.0,0.0,0.0,0.0,0.0,0.0,0.0,0.0,0.0,0.0,0.0,0.0,5.9,0.0,0.0,0.0,0.0,0.0,7.9,0.0,0.0,26.2,0.0,0.0,0.0,0.0,0.0,0.0,0.0,6.6,0.0,0.0,0.0,0.0,0.0,0.0,7.5,0.0,0.0,0.0,0.0,0.0,0.0,0.0,0.0,0.0,0.0,0.0,0.0,0.0,5.2,0.0,0.0,0.0,0.0,0.0,0.0,0.0,2.9,0.0,0.0,0.0,0.0,0.0,0.0,0.0,0.0,0.0,0.0,0.0,0.0,0.0,0.0,2.8,2006,Sweden,37.3,0.0,0.0,0.0,0.0,0.0,0.0,0.0,0.0,0.0,0.0,0.0,0.0,6.3,0.0,0.0,0.0,0.0,0.0,8.3,0.0,0.0,27.8,0.0,0.0,0.0,0.0,0.0,0.0,0.0,6.9,0.0,0.0,0.0,0.0,0.0,0.0,8.0,0.0,0.0,0.0,0.0,0.0,0.0,0.0,0.0,0.0,0.0,0.0,0.0,0.0,5.4,0.0,0.0,0.0,0.0,0.0,0.0,0.0,0.0,0.0,0.0,0.0,0.0,0.0,0.0,0.0,0.0,0.0,0.0,0.0,0.0,0.0,0.0,0.0,2006,Sweden,47.3,0.79,0.76,4.66,4.14,0.52,0.11,2.91,2006,Sweden,,,,,,,,,,,,,0.82,0.79,0.46,2006,Sweden,2,0,0,0,2,1,0,1,2006,Sweden,1.00,88.79,51.38,53.54,4.95,6.79,1.36,51.75,51.25,2.16,2.99,0.83,3.70,8.20,2006,Sweden,4671.00,4671.00,4340.60,78.48,72.93,86.20,956.90,3297.50,336.30,7.10,2006,Sweden,9.00,2.00,1.97,0.42,3735.86,2894.00,74.06,,3735.86,2894.00,74.06,92.50,2006,Sweden,14.41,27.04,13.31,12.56,8.64,0.55,5.42,6.05,3.24,1.17,0.92,0.48,0.56,2006,Sweden,0.76,0.63,0.07,1.31,0.34,0.13,0.21,0.20,,0.54,0.19,0.18,0.00,0.03,0.92,0.00,2006,Sweden,2.61,1.44,,,,9080.50,5951.91,1573.41,17.33,2006,Sweden
2007,Sweden,33,SWE,752,1,0,1,0,68.18,31.82,0.00,1,1,-3,0,70.20,29.80,0.00,35.80,15.20,0.00,51.00,2,2007,Sweden,,82.0,35.0,0.0,0.0,0.0,0.0,0.0,0.0,0.0,0.0,0.0,0.0,0.0,0.0,5.9,0.0,0.0,0.0,0.0,0.0,7.9,0.0,0.0,26.2,0.0,0.0,0.0,0.0,0.0,0.0,0.0,6.6,0.0,0.0,0.0,0.0,0.0,0.0,7.5,0.0,0.0,0.0,0.0,0.0,0.0,0.0,0.0,0.0,0.0,0.0,0.0,0.0,5.2,0.0,0.0,0.0,0.0,0.0,0.0,0.0,2.9,0.0,0.0,0.0,0.0,0.0,0.0,0.0,0.0,0.0,0.0,0.0,0.0,0.0,0.0,2.8,2007,Sweden,37.3,0.0,0.0,0.0,0.0,0.0,0.0,0.0,0.0,0.0,0.0,0.0,0.0,6.3,0.0,0.0,0.0,0.0,0.0,8.3,0.0,0.0,27.8,0.0,0.0,0.0,0.0,0.0,0.0,0.0,6.9,0.0,0.0,0.0,0.0,0.0,0.0,8.0,0.0,0.0,0.0,0.0,0.0,0.0,0.0,0.0,0.0,0.0,0.0,0.0,0.0,5.4,0.0,0.0,0.0,0.0,0.0,0.0,0.0,0.0,0.0,0.0,0.0,0.0,0.0,0.0,0.0,0.0,0.0,0.0,0.0,0.0,0.0,0.0,0.0,2007,Sweden,47.0,0.79,0.76,4.66,4.14,0.52,0.11,2.91,2007,Sweden,,,,,,,,,,,,,0.72,0.78,0.31,2007,Sweden,2,0,0,0,2,1,0,1,2007,Sweden,1.00,89.54,49.66,52.97,3.54,6.46,2.21,46.58,45.91,3.31,4.02,1.24,4.17,8.16,2007,Sweden,4838.00,4838.00,4541.00,80.53,75.59,102.00,982.00,3457.00,297.50,6.10,2007,Sweden,14.00,4.00,13.67,2.82,3560.88,2884.00,71.04,91.00,3560.88,2884.00,71.04,91.00,2007,Sweden,13.61,25.88,12.47,12.44,8.47,0.51,5.10,5.99,3.20,0.97,0.63,0.45,0.56,2007,Sweden,0.71,0.64,0.06,1.32,0.34,0.13,0.20,0.10,,0.48,0.18,0.17,0.00,0.01,0.63,0.00,2007,Sweden,2.61,1.44,,,,9148.09,6007.50,1594.92,17.43,2007,Sweden
2008,Sweden,33,SWE,752,1,0,1,0,68.18,31.82,0.00,1,0,0,0,70.20,29.80,0.00,35.80,15.20,0.00,51.00,2,2008,Sweden,,82.0,35.0,0.0,0.0,0.0,0.0,0.0,0.0,0.0,0.0,0.0,0.0,0.0,0.0,5.9,0.0,0.0,0.0,0.0,0.0,7.9,0.0,0.0,26.2,0.0,0.0,0.0,0.0,0.0,0.0,0.0,6.6,0.0,0.0,0.0,0.0,0.0,0.0,7.5,0.0,0.0,0.0,0.0,0.0,0.0,0.0,0.0,0.0,0.0,0.0,0.0,0.0,5.2,0.0,0.0,0.0,0.0,0.0,0.0,0.0,2.9,0.0,0.0,0.0,0.0,0.0,0.0,0.0,0.0,0.0,0.0,0.0,0.0,0.0,0.0,2.8,2008,Sweden,37.3,0.0,0.0,0.0,0.0,0.0,0.0,0.0,0.0,0.0,0.0,0.0,0.0,6.3,0.0,0.0,0.0,0.0,0.0,8.3,0.0,0.0,27.8,0.0,0.0,0.0,0.0,0.0,0.0,0.0,6.9,0.0,0.0,0.0,0.0,0.0,0.0,8.0,0.0,0.0,0.0,0.0,0.0,0.0,0.0,0.0,0.0,0.0,0.0,0.0,0.0,5.4,0.0,0.0,0.0,0.0,0.0,0.0,0.0,0.0,0.0,0.0,0.0,0.0,0.0,0.0,0.0,0.0,0.0,0.0,0.0,0.0,0.0,0.0,0.0,2008,Sweden,47.0,0.79,0.76,4.66,4.14,0.52,0.11,2.91,2008,Sweden,,,,,,,,,,,,,0.43,0.74,-0.10,2008,Sweden,2,0,0,0,2,1,0,1,2008,Sweden,1.00,93.36,50.42,52.37,-0.73,2.61,3.44,46.66,46.00,1.95,2.48,1.63,3.89,7.85,2008,Sweden,4898.00,4898.00,4593.00,80.95,75.91,101.00,994.00,3498.00,304.70,6.20,2008,Sweden,5.00,13.00,106.80,21.81,3496.69,2830.00,68.77,,3496.69,2830.00,68.77,90.25,2008,Sweden,13.64,25.95,12.25,12.87,8.72,0.50,4.94,6.19,3.33,0.83,0.44,0.43,0.59,2008,Sweden,0.69,0.66,0.06,1.42,0.35,0.14,0.19,0.06,,0.38,0.19,0.18,0.00,0.01,0.44,0.00,2008,Sweden,2.61,0.81,,,,9219.64,6050.82,1626.75,17.64,2008,Sweden
2009,Sweden,33,SWE,752,1,0,1,0,68.18,31.82,0.00,1,0,0,0,70.20,29.80,0.00,35.80,15.20,0.00,51.00,2,2009,Sweden,,82.0,35.0,0.0,0.0,0.0,0.0,0.0,0.0,0.0,0.0,0.0,0.0,0.0,0.0,5.9,0.0,0.0,0.0,0.0,0.0,7.9,0.0,0.0,26.2,0.0,0.0,0.0,0.0,0.0,0.0,0.0,6.6,0.0,0.0,0.0,0.0,0.0,0.0,7.5,0.0,0.0,0.0,0.0,0.0,0.0,0.0,0.0,0.0,0.0,0.0,0.0,0.0,5.2,0.0,0.0,0.0,0.0,0.0,0.0,0.0,2.9,0.0,0.0,0.0,0.0,0.0,0.0,0.0,0.0,0.0,0.0,0.0,0.0,0.0,0.0,2.8,2009,Sweden,37.3,0.0,0.0,0.0,0.0,0.0,0.0,0.0,0.0,0.0,0.0,0.0,0.0,6.3,0.0,0.0,0.0,0.0,0.0,8.3,0.0,0.0,27.8,0.0,0.0,0.0,0.0,0.0,0.0,0.0,6.9,0.0,0.0,0.0,0.0,0.0,0.0,8.0,0.0,0.0,0.0,0.0,0.0,0.0,0.0,0.0,0.0,0.0,0.0,0.0,0.0,5.4,0.0,0.0,0.0,0.0,0.0,0.0,0.0,0.0,0.0,0.0,0.0,0.0,0.0,0.0,0.0,0.0,0.0,0.0,0.0,0.0,0.0,0.0,0.0,2009,Sweden,46.4,0.79,0.76,4.66,4.14,0.52,0.11,2.91,2009,Sweden,,,,,,,,,,,,,0.22,0.72,-0.39,2009,Sweden,2,0,0,0,2,1,0,1,2009,Sweden,1.00,83.14,53.13,52.41,-5.11,-2.83,-0.49,48.37,47.72,-0.73,-0.43,3.14,3.25,6.03,2009,Sweden,4907.00,4907.00,4499.00,80.64,73.94,98.00,904.00,3497.00,408.30,8.30,2009,Sweden,3.00,1.00,1.56,0.32,3486.90,2800.00,69.68,,3486.90,2800.00,69.68,89.50,2009,Sweden,14.85,28.05,13.35,13.78,9.58,0.52,5.02,6.67,3.54,0.92,0.69,0.45,0.67,2009,Sweden,0.71,0.72,0.06,1.52,0.39,0.14,0.24,0.06,,0.39,0.22,0.21,0.00,0.01,0.69,0.00,2009,Sweden,2.61,0.81,,,,9298.51,6084.66,1667.93,17.94,2009,Sweden
2010,Sweden,33,SWE,752,1,0,1,0,68.93,31.07,0.00,1,0,0,1,71.78,28.22,0.00,36.31,14.30,0.00,50.60,2,2010,Sweden,19/09/2010,84.6,30.7,0.0,0.0,0.0,0.0,0.0,0.0,0.0,0.0,0.0,0.0,0.0,0.0,5.6,0.0,0.0,0.0,0.0,0.0,6.6,0.0,0.0,30.1,0.0,0.0,0.0,0.0,0.0,0.0,0.0,5.6,0.0,0.0,0.0,0.0,0.0,0.0,7.1,0.0,0.0,0.0,0.0,0.0,0.0,0.0,0.0,0.0,0.0,0.0,0.0,0.0,7.3,0.0,0.0,0.0,0.0,0.0,0.0,0.0,5.7,0.0,0.0,0.0,0.0,0.0,0.0,0.0,0.0,0.0,0.0,0.0,0.0,0.0,0.0,1.3,2010,Sweden,32.1,0.0,0.0,0.0,0.0,0.0,0.0,0.0,0.0,0.0,0.0,0.0,0.0,5.4,0.0,0.0,0.0,0.0,0.0,6.6,0.0,0.0,30.7,0.0,0.0,0.0,0.0,0.0,0.0,0.0,5.4,0.0,0.0,0.0,0.0,0.0,0.0,6.9,0.0,0.0,0.0,0.0,0.0,0.0,0.0,0.0,0.0,0.0,0.0,0.0,0.0,7.2,0.0,0.0,0.0,0.0,0.0,0.0,0.0,5.7,0.0,0.0,0.0,0.0,0.0,0.0,0.0,0.0,0.0,0.0,0.0,0.0,0.0,0.0,0.0,2010,Sweden,45.0,0.79,0.78,4.78,4.53,0.25,0.05,1.11,2010,Sweden,,,,,,,,,,,,,0.33,0.74,-0.25,2010,Sweden,2,0,0,0,2,1,0,1,2010,Sweden,1.00,86.90,51.32,51.24,5.68,6.81,1.16,45.98,45.31,-0.07,0.21,1.24,2.89,5.96,2010,Sweden,4962.00,4948.30,4523.70,81.25,74.08,95.00,898.60,3530.10,425.00,8.60,2010,Sweden,5.00,3.00,28.89,5.82,3463.61,2790.00,69.26,,3463.61,2790.00,69.26,88.75,2010,Sweden,13.97,26.62,12.26,13.26,9.07,0.46,4.55,6.32,3.44,1.10,0.57,0.43,0.67,2010,Sweden,0.67,0.71,0.06,1.49,0.37,0.14,0.27,0.10,,0.49,0.24,0.22,0.00,0.02,0.57,0.00,2010,Sweden,2.61,0.81,,,,9378.13,6106.91,1714.01,18.28,2010,Sweden
2011,Sweden,33,SWE,752,1,0,1,0,70.83,29.17,0.00,1,0,0,0,75.81,24.19,0.00,37.60,12.00,0.00,49.60,5,2011,Sweden,,84.6,30.7,0.0,0.0,0.0,0.0,0.0,0.0,0.0,0.0,0.0,0.0,0.0,0.0,5.6,0.0,0.0,0.0,0.0,0.0,6.6,0.0,0.0,30.1,0.0,0.0,0.0,0.0,0.0,0.0,0.0,5.6,0.0,0.0,0.0,0.0,0.0,0.0,7.1,0.0,0.0,0.0,0.0,0.0,0.0,0.0,0.0,0.0,0.0,0.0,0.0,0.0,7.3,0.0,0.0,0.0,0.0,0.0,0.0,0.0,5.7,0.0,0.0,0.0,0.0,0.0,0.0,0.0,0.0,0.0,0.0,0.0,0.0,0.0,0.0,1.3,2011,Sweden,32.1,0.0,0.0,0.0,0.0,0.0,0.0,0.0,0.0,0.0,0.0,0.0,0.0,5.4,0.0,0.0,0.0,0.0,0.0,6.6,0.0,0.0,30.7,0.0,0.0,0.0,0.0,0.0,0.0,0.0,5.4,0.0,0.0,0.0,0.0,0.0,0.0,6.9,0.0,0.0,0.0,0.0,0.0,0.0,0.0,0.0,0.0,0.0,0.0,0.0,0.0,7.2,0.0,0.0,0.0,0.0,0.0,0.0,0.0,5.7,0.0,0.0,0.0,0.0,0.0,0.0,0.0,0.0,0.0,0.0,0.0,0.0,0.0,0.0,0.0,2011,Sweden,44.7,0.79,0.78,4.78,4.53,0.25,0.05,1.11,2011,Sweden,,,,,,,,,,,,,0.35,0.75,-0.25,2011,Sweden,2,0,0,0,2,1,0,1,2011,Sweden,1.00,88.66,50.72,50.53,2.73,3.94,2.96,46.18,45.54,-0.19,0.13,0.58,2.61,5.55,2011,Sweden,,5016.30,4625.90,,75.67,92.30,918.40,3615.20,390.00,7.80,2011,Sweden,2.00,7.00,0.25,,3463.08,2808.00,67.76,88.00,3463.08,2808.00,67.76,88.00,2011,Sweden,13.45,26.14,11.64,13.35,8.79,0.42,4.46,6.36,3.45,1.15,0.42,0.43,0.65,2011,Sweden,0.66,0.71,0.06,1.51,0.38,0.15,0.25,0.09,,0.55,0.25,0.24,0.00,0.01,0.42,0.00,2011,Sweden,2.61,0.81,,,,9449.21,6113.64,1760.96,18.64,2011,Sweden
2012,Sweden,33,SWE,752,1,0,1,0,70.83,29.17,0.00,1,0,0,0,75.81,24.19,0.00,37.60,12.00,0.00,49.60,5,2012,Sweden,,84.6,30.7,0.0,0.0,0.0,0.0,0.0,0.0,0.0,0.0,0.0,0.0,0.0,0.0,5.6,0.0,0.0,0.0,0.0,0.0,6.6,0.0,0.0,30.1,0.0,0.0,0.0,0.0,0.0,0.0,0.0,5.6,0.0,0.0,0.0,0.0,0.0,0.0,7.1,0.0,0.0,0.0,0.0,0.0,0.0,0.0,0.0,0.0,0.0,0.0,0.0,0.0,7.3,0.0,0.0,0.0,0.0,0.0,0.0,0.0,5.7,0.0,0.0,0.0,0.0,0.0,0.0,0.0,0.0,0.0,0.0,0.0,0.0,0.0,0.0,1.3,2012,Sweden,32.1,0.0,0.0,0.0,0.0,0.0,0.0,0.0,0.0,0.0,0.0,0.0,0.0,5.4,0.0,0.0,0.0,0.0,0.0,6.6,0.0,0.0,30.7,0.0,0.0,0.0,0.0,0.0,0.0,0.0,5.4,0.0,0.0,0.0,0.0,0.0,0.0,6.9,0.0,0.0,0.0,0.0,0.0,0.0,0.0,0.0,0.0,0.0,0.0,0.0,0.0,7.2,0.0,0.0,0.0,0.0,0.0,0.0,0.0,5.7,0.0,0.0,0.0,0.0,0.0,0.0,0.0,0.0,0.0,0.0,0.0,0.0,0.0,0.0,0.0,2012,Sweden,44.7,0.79,0.78,4.78,4.53,0.25,0.05,1.11,2012,Sweden,,,,,,,,,,,,,0.25,0.78,-0.43,2012,Sweden,2,0,0,0,2,1,0,1,2012,Sweden,1.00,87.72,51.68,50.70,0.06,1.02,0.89,46.37,45.71,-0.98,-0.86,0.69,1.59,5.58,2012,Sweden,,5060.10,4657.10,,76.16,96.20,911.00,3649.90,403.00,8.00,2012,Sweden,8.00,6.00,37.07,,3473.28,2810.00,67.38,,3473.28,2810.00,67.38,88.50,2012,Sweden,14.00,27.13,12.12,13.74,9.24,0.41,4.60,6.47,3.57,1.27,0.46,0.46,0.67,2012,Sweden,0.66,0.72,0.06,1.58,0.39,0.16,0.27,0.10,,0.63,,0.25,0.00,0.01,0.46,0.00,2012,Sweden,2.61,0.81,,,,9519.37,6114.83,1806.47,18.98,2012,Sweden
2013,Sweden,33,SWE,752,1,0,1,0,70.83,29.17,0.00,1,0,0,0,75.81,24.19,0.00,37.60,12.00,0.00,49.60,5,2013,Sweden,,84.6,30.7,0.0,0.0,0.0,0.0,0.0,0.0,0.0,0.0,0.0,0.0,0.0,0.0,5.6,0.0,0.0,0.0,0.0,0.0,6.6,0.0,0.0,30.1,0.0,0.0,0.0,0.0,0.0,0.0,0.0,5.6,0.0,0.0,0.0,0.0,0.0,0.0,7.1,0.0,0.0,0.0,0.0,0.0,0.0,0.0,0.0,0.0,0.0,0.0,0.0,0.0,7.3,0.0,0.0,0.0,0.0,0.0,0.0,0.0,5.7,0.0,0.0,0.0,0.0,0.0,0.0,0.0,0.0,0.0,0.0,0.0,0.0,0.0,0.0,1.3,2013,Sweden,32.1,0.0,0.0,0.0,0.0,0.0,0.0,0.0,0.0,0.0,0.0,0.0,0.0,5.4,0.0,0.0,0.0,0.0,0.0,6.6,0.0,0.0,30.7,0.0,0.0,0.0,0.0,0.0,0.0,0.0,5.4,0.0,0.0,0.0,0.0,0.0,0.0,6.9,0.0,0.0,0.0,0.0,0.0,0.0,0.0,0.0,0.0,0.0,0.0,0.0,0.0,7.2,0.0,0.0,0.0,0.0,0.0,0.0,0.0,5.7,0.0,0.0,0.0,0.0,0.0,0.0,0.0,0.0,0.0,0.0,0.0,0.0,0.0,0.0,0.0,2013,Sweden,45.0,0.79,0.78,4.78,4.53,0.25,0.05,1.11,2013,Sweden,,,,,,,,,,,,,0.22,0.80,-0.52,2013,Sweden,2,0,0,0,2,1,0,1,2013,Sweden,1.00,83.09,52.33,50.97,1.22,2.30,-0.04,48.62,47.91,-1.35,-1.28,0.67,2.12,5.26,2013,Sweden,,5115.60,4704.70,,76.92,95.40,897.90,3711.40,411.00,8.00,2013,Sweden,11.00,3.00,7.08,,,,,89.00,,,,89.00,2013,Sweden,14.31,27.81,12.45,14.01,9.56,0.40,4.68,6.55,3.64,1.35,0.46,0.46,0.71,2013,Sweden,0.66,0.74,0.05,1.64,0.39,0.16,0.29,0.13,,0.64,,0.28,0.00,0.01,0.46,0.00,2013,Sweden,2.61,0.81,,,,9609.00,6116.00,1913.00,19.91,2013,Sweden
2014,Sweden,33,SWE,752,1,0,1,0,53.76,22.13,24.11,2,1,1,1,57.53,18.36,24.11,28.53,9.11,9.55,47.19,5,2014,Sweden,14/09/2014,85.8,31.0,3.1,0.0,0.0,0.0,0.0,0.0,0.0,0.0,0.0,0.0,0.0,0.0,5.7,0.0,0.0,0.0,0.0,0.0,6.1,0.0,0.0,23.3,0.0,0.0,0.0,0.0,0.0,0.0,0.0,4.6,0.0,0.0,0.0,0.0,0.0,0.0,5.4,0.0,0.0,0.0,0.0,0.0,0.0,0.0,0.0,0.0,0.0,0.0,0.0,0.0,6.9,0.0,0.0,0.0,0.0,0.0,0.0,0.0,12.9,0.0,0.0,0.0,0.0,0.0,0.0,0.0,0.0,0.0,0.0,0.0,0.0,0.0,0.0,1.0,2014,Sweden,32.4,0.0,0.0,0.0,0.0,0.0,0.0,0.0,0.0,0.0,0.0,0.0,0.0,6.0,0.0,0.0,0.0,0.0,0.0,6.3,0.0,0.0,24.1,0.0,0.0,0.0,0.0,0.0,0.0,0.0,4.6,0.0,0.0,0.0,0.0,0.0,0.0,5.4,0.0,0.0,0.0,0.0,0.0,0.0,0.0,0.0,0.0,0.0,0.0,0.0,0.0,7.2,0.0,0.0,0.0,0.0,0.0,0.0,0.0,14.0,0.0,0.0,0.0,0.0,0.0,0.0,0.0,0.0,0.0,0.0,0.0,0.0,0.0,0.0,0.0,2014,Sweden,44.7,0.82,0.80,5.41,4.99,0.42,0.08,2.61,2014,Sweden,,,,,,,,,,,,,0.42,0.82,-0.20,2014,Sweden,2,0,0,0,2,1,0,1,2014,Sweden,1.00,85.35,51.41,49.87,2.72,4.51,-0.18,55.73,54.93,-1.55,-1.52,-0.11,1.72,4.63,2014,Sweden,,5183.40,4772.30,,,94.50,884.60,3793.20,411.00,7.90,2014,Sweden,,,,,,,,,,,,,2014,Sweden,13.84,,,,,,,,,,,,,2014,Sweden,,,,,,,,,,,,,,,,,2014,Sweden,,,,,,,,,,2014,Sweden
2015,Sweden,33,SWE,752,1,0,1,0,0.00,0.00,100.00,5,1,3,0,0.00,0.00,100.00,0.00,0.00,39.60,39.60,5,2015,Sweden,,85.8,31.0,3.1,0.0,0.0,0.0,0.0,0.0,0.0,0.0,0.0,0.0,0.0,0.0,5.7,0.0,0.0,0.0,0.0,0.0,6.1,0.0,0.0,23.3,0.0,0.0,0.0,0.0,0.0,0.0,0.0,4.6,0.0,0.0,0.0,0.0,0.0,0.0,5.4,0.0,0.0,0.0,0.0,0.0,0.0,0.0,0.0,0.0,0.0,0.0,0.0,0.0,6.9,0.0,0.0,0.0,0.0,0.0,0.0,0.0,12.9,0.0,0.0,0.0,0.0,0.0,0.0,0.0,0.0,0.0,0.0,0.0,0.0,0.0,0.0,1.0,2015,Sweden,32.4,0.0,0.0,0.0,0.0,0.0,0.0,0.0,0.0,0.0,0.0,0.0,0.0,6.0,0.0,0.0,0.0,0.0,0.0,6.3,0.0,0.0,24.1,0.0,0.0,0.0,0.0,0.0,0.0,0.0,4.6,0.0,0.0,0.0,0.0,0.0,0.0,5.4,0.0,0.0,0.0,0.0,0.0,0.0,0.0,0.0,0.0,0.0,0.0,0.0,0.0,7.2,0.0,0.0,0.0,0.0,0.0,0.0,0.0,14.0,0.0,0.0,0.0,0.0,0.0,0.0,0.0,0.0,0.0,0.0,0.0,0.0,0.0,0.0,0.0,2015,Sweden,43.6,0.82,0.80,5.41,4.99,0.42,0.08,2.61,2015,Sweden,,,,,,,,,,,,,0.49,0.83,-0.11,2015,Sweden,2,0,0,0,2,1,0,1,2015,Sweden,1.00,,50.20,50.48,3.82,6.00,-0.05,53.89,,0.28,0.19,0.45,0.72,4.70,2015,Sweden,,5223.30,4837.20,,,98.80,881.90,3856.50,387.00,7.40,2015,Sweden,,,,,,,,,,,,,2015,Sweden,13.42,,,,,,,,,,,,,2015,Sweden,,,,,,,,,,,,,,,,,2015,Sweden,,,,,,,,,,2015,Sweden
